[debug] [2026-04-07T04:17:44.984Z] ----------------------------------------------------------------------
[debug] [2026-04-07T04:17:44.986Z] Command:       /usr/bin/node /home/hiroshi/projetos/organizador-de-campeonato/node_modules/.bin/firebase deploy --only functions
[debug] [2026-04-07T04:17:44.987Z] CLI Version:   15.13.0
[debug] [2026-04-07T04:17:44.987Z] Platform:      linux
[debug] [2026-04-07T04:17:44.987Z] Node Version:  v25.8.2
[debug] [2026-04-07T04:17:44.987Z] Time:          Tue Apr 07 2026 01:17:44 GMT-0300 (Horário Padrão de Brasília)
[debug] [2026-04-07T04:17:44.987Z] ----------------------------------------------------------------------
[debug] 
[debug] [2026-04-07T04:17:45.653Z] > command requires scopes: ["email","openid","https://www.googleapis.com/auth/cloudplatformprojects.readonly","https://www.googleapis.com/auth/firebase","https://www.googleapis.com/auth/cloud-platform"]
[debug] [2026-04-07T04:17:45.654Z] > authorizing via signed-in user (felipe.negri43@gmail.com)
[debug] [2026-04-07T04:17:45.655Z] [iam] checking project organizador-de-campeonato for permissions ["cloudfunctions.functions.create","cloudfunctions.functions.delete","cloudfunctions.functions.get","cloudfunctions.functions.list","cloudfunctions.functions.update","cloudfunctions.operations.get","firebase.projects.get"]
[debug] [2026-04-07T04:17:45.655Z] Checked if tokens are valid: true, expires at: 1775537617593
[debug] [2026-04-07T04:17:45.656Z] Checked if tokens are valid: true, expires at: 1775537617593
[debug] [2026-04-07T04:17:45.656Z] >>> [apiv2][query] POST https://cloudresourcemanager.googleapis.com/v1/projects/organizador-de-campeonato:testIamPermissions [none]
[debug] [2026-04-07T04:17:45.657Z] >>> [apiv2][(partial)header] POST https://cloudresourcemanager.googleapis.com/v1/projects/organizador-de-campeonato:testIamPermissions  x-goog-user-project=organizador-de-campeonato
[debug] [2026-04-07T04:17:45.657Z] >>> [apiv2][body] POST https://cloudresourcemanager.googleapis.com/v1/projects/organizador-de-campeonato:testIamPermissions {"permissions":["cloudfunctions.functions.create","cloudfunctions.functions.delete","cloudfunctions.functions.get","cloudfunctions.functions.list","cloudfunctions.functions.update","cloudfunctions.operations.get","firebase.projects.get"]}
[debug] [2026-04-07T04:17:46.556Z] <<< [apiv2][status] POST https://cloudresourcemanager.googleapis.com/v1/projects/organizador-de-campeonato:testIamPermissions 200
[debug] [2026-04-07T04:17:46.556Z] <<< [apiv2][body] POST https://cloudresourcemanager.googleapis.com/v1/projects/organizador-de-campeonato:testIamPermissions {"permissions":["cloudfunctions.functions.create","cloudfunctions.functions.delete","cloudfunctions.functions.get","cloudfunctions.functions.list","cloudfunctions.functions.update","cloudfunctions.operations.get","firebase.projects.get"]}
[debug] [2026-04-07T04:17:46.556Z] Checked if tokens are valid: true, expires at: 1775537617593
[debug] [2026-04-07T04:17:46.556Z] Checked if tokens are valid: true, expires at: 1775537617593
[debug] [2026-04-07T04:17:46.556Z] >>> [apiv2][query] POST https://iam.googleapis.com/v1/projects/organizador-de-campeonato/serviceAccounts/organizador-de-campeonato@appspot.gserviceaccount.com:testIamPermissions [none]
[debug] [2026-04-07T04:17:46.557Z] >>> [apiv2][body] POST https://iam.googleapis.com/v1/projects/organizador-de-campeonato/serviceAccounts/organizador-de-campeonato@appspot.gserviceaccount.com:testIamPermissions {"permissions":["iam.serviceAccounts.actAs"]}
[debug] [2026-04-07T04:17:47.427Z] <<< [apiv2][status] POST https://iam.googleapis.com/v1/projects/organizador-de-campeonato/serviceAccounts/organizador-de-campeonato@appspot.gserviceaccount.com:testIamPermissions 200
[debug] [2026-04-07T04:17:47.428Z] <<< [apiv2][body] POST https://iam.googleapis.com/v1/projects/organizador-de-campeonato/serviceAccounts/organizador-de-campeonato@appspot.gserviceaccount.com:testIamPermissions {"permissions":["iam.serviceAccounts.actAs"]}
[info] 
[info] === Deploying to 'organizador-de-campeonato'...
[info] 
[info] i  deploying functions 
[debug] [2026-04-07T04:17:47.430Z] Checked if tokens are valid: true, expires at: 1775537617593
[debug] [2026-04-07T04:17:47.430Z] Checked if tokens are valid: true, expires at: 1775537617593
[debug] [2026-04-07T04:17:47.430Z] >>> [apiv2][query] GET https://cloudresourcemanager.googleapis.com/v1/projects/organizador-de-campeonato [none]
[debug] [2026-04-07T04:17:47.610Z] <<< [apiv2][status] GET https://cloudresourcemanager.googleapis.com/v1/projects/organizador-de-campeonato 200
[debug] [2026-04-07T04:17:47.610Z] <<< [apiv2][body] GET https://cloudresourcemanager.googleapis.com/v1/projects/organizador-de-campeonato {"projectNumber":"574392149055","projectId":"organizador-de-campeonato","lifecycleState":"ACTIVE","name":"organizador-de-campeonato","labels":{"firebase":"enabled","firebase-core":"disabled"},"createTime":"2026-03-24T02:23:13.069Z"}
[info] i  functions: preparing codebase default for deployment 
[info] i  functions: ensuring required API cloudfunctions.googleapis.com is enabled... 
[info] i  functions: ensuring required API cloudbuild.googleapis.com is enabled... 
[info] i  artifactregistry: ensuring required API artifactregistry.googleapis.com is enabled... 
[debug] [2026-04-07T04:17:47.611Z] Checked if tokens are valid: true, expires at: 1775537617593
[debug] [2026-04-07T04:17:47.611Z] Checked if tokens are valid: true, expires at: 1775537617593
[debug] [2026-04-07T04:17:47.611Z] >>> [apiv2][query] GET https://firebase.googleapis.com/v1beta1/projects/organizador-de-campeonato/adminSdkConfig [none]
[debug] [2026-04-07T04:17:48.067Z] <<< [apiv2][status] GET https://firebase.googleapis.com/v1beta1/projects/organizador-de-campeonato/adminSdkConfig 200
[debug] [2026-04-07T04:17:48.067Z] <<< [apiv2][body] GET https://firebase.googleapis.com/v1beta1/projects/organizador-de-campeonato/adminSdkConfig {"projectId":"organizador-de-campeonato","storageBucket":"organizador-de-campeonato.firebasestorage.app"}
[debug] [2026-04-07T04:17:48.067Z] Checked if tokens are valid: true, expires at: 1775537617593
[debug] [2026-04-07T04:17:48.067Z] Checked if tokens are valid: true, expires at: 1775537617593
[debug] [2026-04-07T04:17:48.068Z] >>> [apiv2][query] GET https://runtimeconfig.googleapis.com/v1beta1/projects/organizador-de-campeonato/configs [none]
[debug] [2026-04-07T04:17:49.203Z] <<< [apiv2][status] GET https://runtimeconfig.googleapis.com/v1beta1/projects/organizador-de-campeonato/configs 200
[debug] [2026-04-07T04:17:49.204Z] <<< [apiv2][body] GET https://runtimeconfig.googleapis.com/v1beta1/projects/organizador-de-campeonato/configs {}
[debug] [2026-04-07T04:17:49.204Z] Validating nodejs source
[warn] ⚠  functions: package.json indicates an outdated version of firebase-functions. Please upgrade using npm install --save firebase-functions@latest in your functions directory. 
[warn] ⚠  functions: Please note that there will be breaking changes when you upgrade. 
[debug] [2026-04-07T04:17:49.492Z] > [functions] package.json contents: {
  "name": "campeonato-functions",
  "description": "Cloud Functions for push notifications on live match events",
  "engines": {
    "node": "22"
  },
  "main": "index.js",
  "dependencies": {
    "firebase-admin": "^12.0.0",
    "firebase-functions": "^5.0.0"
  }
}
[debug] [2026-04-07T04:17:49.492Z] Building nodejs source
[info] i  functions: Loading and analyzing source code for codebase default to determine what to deploy 
[debug] [2026-04-07T04:17:49.493Z] Could not find functions.yaml. Must use http discovery
[debug] [2026-04-07T04:17:49.498Z] Found firebase-functions binary at '/home/hiroshi/projetos/organizador-de-campeonato/functions/node_modules/.bin/firebase-functions'
[info] Serving at port 8278

[debug] [2026-04-07T04:17:49.645Z] Got response from /__/functions.yaml {"endpoints":{"onJogoUpdate":{"availableMemoryMb":null,"timeoutSeconds":null,"minInstances":null,"maxInstances":null,"ingressSettings":null,"concurrency":null,"serviceAccountEmail":null,"vpc":null,"platform":"gcfv2","labels":{},"eventTrigger":{"eventType":"google.cloud.firestore.document.v1.updated","eventFilters":{"database":"(default)","namespace":"(default)"},"eventFilterPathPatterns":{"document":"jogos/{jogoId}"},"retry":false},"entryPoint":"onJogoUpdate"},"onMataMataUpdate":{"availableMemoryMb":null,"timeoutSeconds":null,"minInstances":null,"maxInstances":null,"ingressSettings":null,"concurrency":null,"serviceAccountEmail":null,"vpc":null,"platform":"gcfv2","labels":{},"eventTrigger":{"eventType":"google.cloud.firestore.document.v1.updated","eventFilters":{"database":"(default)","namespace":"(default)"},"eventFilterPathPatterns":{"document":"mata_mata/{matchId}"},"retry":false},"entryPoint":"onMataMataUpdate"}},"specVersion":"v1alpha1","requiredAPIs":[],"extensions":{}}
[info] i  extensions: ensuring required API firebaseextensions.googleapis.com is enabled... 
[debug] [2026-04-07T04:17:53.672Z] > command requires scopes: ["email","openid","https://www.googleapis.com/auth/cloudplatformprojects.readonly","https://www.googleapis.com/auth/firebase","https://www.googleapis.com/auth/cloud-platform"]
[debug] [2026-04-07T04:17:53.672Z] > authorizing via signed-in user (felipe.negri43@gmail.com)
[debug] [2026-04-07T04:17:53.672Z] [iam] checking project organizador-de-campeonato for permissions ["firebase.projects.get","firebaseextensions.instances.list"]
[debug] [2026-04-07T04:17:53.672Z] Checked if tokens are valid: true, expires at: 1775537617593
[debug] [2026-04-07T04:17:53.672Z] Checked if tokens are valid: true, expires at: 1775537617593
[debug] [2026-04-07T04:17:53.672Z] >>> [apiv2][query] POST https://cloudresourcemanager.googleapis.com/v1/projects/organizador-de-campeonato:testIamPermissions [none]
[debug] [2026-04-07T04:17:53.672Z] >>> [apiv2][(partial)header] POST https://cloudresourcemanager.googleapis.com/v1/projects/organizador-de-campeonato:testIamPermissions  x-goog-user-project=organizador-de-campeonato
[debug] [2026-04-07T04:17:53.673Z] >>> [apiv2][body] POST https://cloudresourcemanager.googleapis.com/v1/projects/organizador-de-campeonato:testIamPermissions {"permissions":["firebase.projects.get","firebaseextensions.instances.list"]}
[debug] [2026-04-07T04:17:54.483Z] <<< [apiv2][status] POST https://cloudresourcemanager.googleapis.com/v1/projects/organizador-de-campeonato:testIamPermissions 200
[debug] [2026-04-07T04:17:54.483Z] <<< [apiv2][body] POST https://cloudresourcemanager.googleapis.com/v1/projects/organizador-de-campeonato:testIamPermissions {"permissions":["firebase.projects.get","firebaseextensions.instances.list"]}
[debug] [2026-04-07T04:17:54.483Z] Checked if tokens are valid: true, expires at: 1775537617593
[debug] [2026-04-07T04:17:54.484Z] Checked if tokens are valid: true, expires at: 1775537617593
[debug] [2026-04-07T04:17:54.484Z] >>> [apiv2][query] GET https://firebaseextensions.googleapis.com/v1beta/projects/organizador-de-campeonato/instances pageSize=100&pageToken=
[debug] [2026-04-07T04:17:55.541Z] <<< [apiv2][status] GET https://firebaseextensions.googleapis.com/v1beta/projects/organizador-de-campeonato/instances 200
[debug] [2026-04-07T04:17:55.541Z] <<< [apiv2][body] GET https://firebaseextensions.googleapis.com/v1beta/projects/organizador-de-campeonato/instances {}
[info] i  functions: preparing functions directory for uploading... 
[info] i  functions: packaged /home/hiroshi/projetos/organizador-de-campeonato/functions (37.69 KB) for uploading 
[debug] [2026-04-07T04:17:55.563Z] Checked if tokens are valid: true, expires at: 1775537617593
[debug] [2026-04-07T04:17:55.563Z] Checked if tokens are valid: true, expires at: 1775537617593
[debug] [2026-04-07T04:17:55.563Z] >>> [apiv2][query] GET https://cloudfunctions.googleapis.com/v1/projects/organizador-de-campeonato/locations/-/functions [none]
[debug] [2026-04-07T04:17:56.578Z] <<< [apiv2][status] GET https://cloudfunctions.googleapis.com/v1/projects/organizador-de-campeonato/locations/-/functions 200
[debug] [2026-04-07T04:17:56.578Z] <<< [apiv2][body] GET https://cloudfunctions.googleapis.com/v1/projects/organizador-de-campeonato/locations/-/functions {}
[debug] [2026-04-07T04:17:56.578Z] Checked if tokens are valid: true, expires at: 1775537617593
[debug] [2026-04-07T04:17:56.578Z] Checked if tokens are valid: true, expires at: 1775537617593
[debug] [2026-04-07T04:17:56.578Z] >>> [apiv2][query] GET https://cloudfunctions.googleapis.com/v2/projects/organizador-de-campeonato/locations/-/functions filter=environment%3D%22GEN_2%22
[debug] [2026-04-07T04:17:57.995Z] <<< [apiv2][status] GET https://cloudfunctions.googleapis.com/v2/projects/organizador-de-campeonato/locations/-/functions 200
[debug] [2026-04-07T04:17:57.995Z] <<< [apiv2][body] GET https://cloudfunctions.googleapis.com/v2/projects/organizador-de-campeonato/locations/-/functions {"functions":[{"name":"projects/organizador-de-campeonato/locations/us-central1/functions/onJogoUpdate","buildConfig":{"build":"projects/574392149055/locations/us-central1/builds/59c4d1aa-b45f-4860-af03-faddc13733fb","runtime":"nodejs22","entryPoint":"onJogoUpdate","source":{"storageSource":{"bucket":"gcf-v2-sources-574392149055-us-central1","object":"onJogoUpdate/function-source.zip","generation":"1775534519556448"}},"environmentVariables":{"GOOGLE_NODE_RUN_SCRIPTS":""},"dockerRepository":"projects/organizador-de-campeonato/locations/us-central1/repositories/gcf-artifacts","sourceProvenance":{"resolvedStorageSource":{"bucket":"gcf-v2-sources-574392149055-us-central1","object":"onJogoUpdate/function-source.zip","generation":"1775534519556448"}},"dockerRegistry":"ARTIFACT_REGISTRY","serviceAccount":"projects/organizador-de-campeonato/serviceAccounts/574392149055-compute@developer.gserviceaccount.com","automaticUpdatePolicy":{}},"serviceConfig":{"service":"projects/organizador-de-campeonato/locations/us-central1/services/onjogoupdate","timeoutSeconds":60,"environmentVariables":{"FIREBASE_CONFIG":"{\"projectId\":\"organizador-de-campeonato\",\"storageBucket\":\"organizador-de-campeonato.firebasestorage.app\"}","GCLOUD_PROJECT":"organizador-de-campeonato","EVENTARC_CLOUD_EVENT_SOURCE":"projects/organizador-de-campeonato/locations/us-central1/services/onJogoUpdate","FUNCTION_SIGNATURE_TYPE":"cloudevent","FUNCTION_TARGET":"onJogoUpdate","LOG_EXECUTION_ID":"true"},"maxInstanceCount":20,"ingressSettings":"ALLOW_ALL","uri":"https://onjogoupdate-3r6yq2xs2q-uc.a.run.app","serviceAccountEmail":"574392149055-compute@developer.gserviceaccount.com","availableMemory":"256Mi","allTrafficOnLatestRevision":true,"revision":"onjogoupdate-00003-xoc","maxInstanceRequestConcurrency":80,"availableCpu":"1"},"eventTrigger":{"trigger":"projects/organizador-de-campeonato/locations/nam5/triggers/onjogoupdate-719401","triggerRegion":"nam5","eventType":"google.cloud.firestore.document.v1.updated","eventFilters":[{"attribute":"database","value":"(default)"},{"attribute":"namespace","value":"(default)"},{"attribute":"document","value":"jogos/{jogoId}","operator":"match-path-pattern"}],"pubsubTopic":"projects/organizador-de-campeonato/topics/eventarc-nam5-onjogoupdate-719401-870","serviceAccountEmail":"574392149055-compute@developer.gserviceaccount.com","retryPolicy":"RETRY_POLICY_DO_NOT_RETRY"},"state":"ACTIVE","updateTime":"2026-04-07T04:02:55.780656721Z","labels":{"deployment-tool":"cli-firebase","firebase-functions-hash":"9f3af565ccdd6aba302b706b0fabbfd6880d556a"},"environment":"GEN_2","url":"https://us-central1-organizador-de-campeonato.cloudfunctions.net/onJogoUpdate","createTime":"2026-04-07T03:25:38.230830408Z","satisfiesPzi":true},{"name":"projects/organizador-de-campeonato/locations/us-central1/functions/onMataMataUpdate","buildConfig":{"build":"projects/574392149055/locations/us-central1/builds/59c4d1aa-b45f-4860-af03-faddc13733fb","runtime":"nodejs22","entryPoint":"onMataMataUpdate","source":{"storageSource":{"bucket":"gcf-v2-sources-574392149055-us-central1","object":"onMataMataUpdate/function-source.zip","generation":"1775534575952056"}},"environmentVariables":{"GOOGLE_NODE_RUN_SCRIPTS":""},"dockerRepository":"projects/organizador-de-campeonato/locations/us-central1/repositories/gcf-artifacts","sourceProvenance":{"resolvedStorageSource":{"bucket":"gcf-v2-sources-574392149055-us-central1","object":"onMataMataUpdate/function-source.zip","generation":"1775534575952056"}},"dockerRegistry":"ARTIFACT_REGISTRY","serviceAccount":"projects/organizador-de-campeonato/serviceAccounts/574392149055-compute@developer.gserviceaccount.com","automaticUpdatePolicy":{}},"serviceConfig":{"service":"projects/organizador-de-campeonato/locations/us-central1/services/onmatamataupdate","timeoutSeconds":60,"environmentVariables":{"FIREBASE_CONFIG":"{\"projectId\":\"organizador-de-campeonato\",\"storageBucket\":\"organizador-de-campeonato.firebasestorage.app\"}","GCLOUD_PROJECT":"organizador-de-campeonato","EVENTARC_CLOUD_EVENT_SOURCE":"projects/organizador-de-campeonato/locations/us-central1/services/onMataMataUpdate","FUNCTION_SIGNATURE_TYPE":"cloudevent","FUNCTION_TARGET":"onMataMataUpdate","LOG_EXECUTION_ID":"true"},"maxInstanceCount":20,"ingressSettings":"ALLOW_ALL","uri":"https://onmatamataupdate-3r6yq2xs2q-uc.a.run.app","serviceAccountEmail":"574392149055-compute@developer.gserviceaccount.com","availableMemory":"256Mi","allTrafficOnLatestRevision":true,"revision":"onmatamataupdate-00003-rij","maxInstanceRequestConcurrency":80,"availableCpu":"1"},"eventTrigger":{"trigger":"projects/organizador-de-campeonato/locations/nam5/triggers/onmatamataupdate-291532","triggerRegion":"nam5","eventType":"google.cloud.firestore.document.v1.updated","eventFilters":[{"attribute":"database","value":"(default)"},{"attribute":"namespace","value":"(default)"},{"attribute":"document","value":"mata_mata/{matchId}","operator":"match-path-pattern"}],"pubsubTopic":"projects/organizador-de-campeonato/topics/eventarc-nam5-onmatamataupdate-291532-198","serviceAccountEmail":"574392149055-compute@developer.gserviceaccount.com","retryPolicy":"RETRY_POLICY_DO_NOT_RETRY"},"state":"ACTIVE","updateTime":"2026-04-07T04:03:04.999239552Z","labels":{"firebase-functions-hash":"9f3af565ccdd6aba302b706b0fabbfd6880d556a","deployment-tool":"cli-firebase"},"environment":"GEN_2","url":"https://us-central1-organizador-de-campeonato.cloudfunctions.net/onMataMataUpdate","createTime":"2026-04-07T03:26:23.387619293Z","satisfiesPzi":true}]}
[debug] [2026-04-07T04:17:57.997Z] Checked if tokens are valid: true, expires at: 1775537617593
[debug] [2026-04-07T04:17:57.997Z] Checked if tokens are valid: true, expires at: 1775537617593
[debug] [2026-04-07T04:17:57.997Z] >>> [apiv2][query] GET https://firestore.googleapis.com/v1/projects/organizador-de-campeonato/databases/(default) [none]
[debug] [2026-04-07T04:17:59.016Z] <<< [apiv2][status] GET https://firestore.googleapis.com/v1/projects/organizador-de-campeonato/databases/(default) 200
[debug] [2026-04-07T04:17:59.016Z] <<< [apiv2][body] GET https://firestore.googleapis.com/v1/projects/organizador-de-campeonato/databases/(default) {"name":"projects/organizador-de-campeonato/databases/(default)","uid":"bc36d4c0-3916-4889-b9b7-e8f151e2d9d0","createTime":"2026-03-24T03:08:55.502323Z","updateTime":"2026-03-24T03:08:55.502323Z","locationId":"nam5","type":"FIRESTORE_NATIVE","concurrencyMode":"PESSIMISTIC","versionRetentionPeriod":"3600s","earliestVersionTime":"2026-04-07T03:17:58.941323Z","appEngineIntegrationMode":"DISABLED","keyPrefix":"s","pointInTimeRecoveryEnablement":"POINT_IN_TIME_RECOVERY_DISABLED","deleteProtectionState":"DELETE_PROTECTION_DISABLED","databaseEdition":"STANDARD","freeTier":true,"realtimeUpdatesMode":"REALTIME_UPDATES_MODE_ENABLED","etag":"IOjIiIzx2pMDMJ73qtnHt5MD"}
[info] i  functions: ensuring required API run.googleapis.com is enabled... 
[info] i  functions: ensuring required API eventarc.googleapis.com is enabled... 
[info] i  functions: ensuring required API pubsub.googleapis.com is enabled... 
[info] i  functions: ensuring required API storage.googleapis.com is enabled... 
[info] i  functions: generating the service identity for pubsub.googleapis.com... 
[debug] [2026-04-07T04:17:59.018Z] Checked if tokens are valid: true, expires at: 1775537617593
[debug] [2026-04-07T04:17:59.018Z] Checked if tokens are valid: true, expires at: 1775537617593
[info] i  functions: generating the service identity for eventarc.googleapis.com... 
[debug] [2026-04-07T04:17:59.018Z] Checked if tokens are valid: true, expires at: 1775537617593
[debug] [2026-04-07T04:17:59.018Z] Checked if tokens are valid: true, expires at: 1775537617593
[debug] [2026-04-07T04:17:59.018Z] >>> [apiv2][query] POST https://serviceusage.googleapis.com/v1beta1/projects/574392149055/services/pubsub.googleapis.com:generateServiceIdentity [none]
[debug] [2026-04-07T04:17:59.018Z] >>> [apiv2][(partial)header] POST https://serviceusage.googleapis.com/v1beta1/projects/574392149055/services/pubsub.googleapis.com:generateServiceIdentity  x-goog-user-project=574392149055
[debug] [2026-04-07T04:17:59.018Z] >>> [apiv2][body] POST https://serviceusage.googleapis.com/v1beta1/projects/574392149055/services/pubsub.googleapis.com:generateServiceIdentity {}
[debug] [2026-04-07T04:17:59.019Z] >>> [apiv2][query] POST https://serviceusage.googleapis.com/v1beta1/projects/574392149055/services/eventarc.googleapis.com:generateServiceIdentity [none]
[debug] [2026-04-07T04:17:59.019Z] >>> [apiv2][(partial)header] POST https://serviceusage.googleapis.com/v1beta1/projects/574392149055/services/eventarc.googleapis.com:generateServiceIdentity  x-goog-user-project=574392149055
[debug] [2026-04-07T04:17:59.019Z] >>> [apiv2][body] POST https://serviceusage.googleapis.com/v1beta1/projects/574392149055/services/eventarc.googleapis.com:generateServiceIdentity {}
[debug] [2026-04-07T04:18:00.115Z] <<< [apiv2][status] POST https://serviceusage.googleapis.com/v1beta1/projects/574392149055/services/pubsub.googleapis.com:generateServiceIdentity 200
[debug] [2026-04-07T04:18:00.116Z] <<< [apiv2][body] POST https://serviceusage.googleapis.com/v1beta1/projects/574392149055/services/pubsub.googleapis.com:generateServiceIdentity {"name":"operations/finished.DONE_OPERATION","done":true,"response":{"@type":"type.googleapis.com/google.api.serviceusage.v1beta1.ServiceIdentity","email":"service-574392149055@gcp-sa-pubsub.iam.gserviceaccount.com","uniqueId":"106602202066318409749"}}
[debug] [2026-04-07T04:18:00.117Z] <<< [apiv2][status] POST https://serviceusage.googleapis.com/v1beta1/projects/574392149055/services/eventarc.googleapis.com:generateServiceIdentity 200
[debug] [2026-04-07T04:18:00.117Z] <<< [apiv2][body] POST https://serviceusage.googleapis.com/v1beta1/projects/574392149055/services/eventarc.googleapis.com:generateServiceIdentity {"name":"operations/finished.DONE_OPERATION","done":true,"response":{"@type":"type.googleapis.com/google.api.serviceusage.v1beta1.ServiceIdentity","email":"service-574392149055@gcp-sa-eventarc.iam.gserviceaccount.com","uniqueId":"105421164300564740065"}}
[debug] [2026-04-07T04:18:00.119Z] Checked if tokens are valid: true, expires at: 1775537617593
[debug] [2026-04-07T04:18:00.119Z] Checked if tokens are valid: true, expires at: 1775537617593
[debug] [2026-04-07T04:18:00.119Z] >>> [apiv2][query] GET https://cloudresourcemanager.googleapis.com/v1/projects/organizador-de-campeonato [none]
[debug] [2026-04-07T04:18:00.942Z] <<< [apiv2][status] GET https://cloudresourcemanager.googleapis.com/v1/projects/organizador-de-campeonato 200
[debug] [2026-04-07T04:18:00.942Z] <<< [apiv2][body] GET https://cloudresourcemanager.googleapis.com/v1/projects/organizador-de-campeonato {"projectNumber":"574392149055","projectId":"organizador-de-campeonato","lifecycleState":"ACTIVE","name":"organizador-de-campeonato","labels":{"firebase":"enabled","firebase-core":"disabled"},"createTime":"2026-03-24T02:23:13.069Z"}
[debug] [2026-04-07T04:18:00.943Z] Checked if tokens are valid: true, expires at: 1775537617593
[debug] [2026-04-07T04:18:00.943Z] Checked if tokens are valid: true, expires at: 1775537617593
[debug] [2026-04-07T04:18:00.943Z] >>> [apiv2][query] GET https://compute.googleapis.com/compute/v1/projects/574392149055 [none]
[debug] [2026-04-07T04:18:01.294Z] <<< [apiv2][status] GET https://compute.googleapis.com/compute/v1/projects/574392149055 403
[debug] [2026-04-07T04:18:01.294Z] <<< [apiv2][body] GET https://compute.googleapis.com/compute/v1/projects/574392149055 {"error":{"code":403,"message":"Compute Engine API has not been used in project 574392149055 before or it is disabled. Enable it by visiting https://console.developers.google.com/apis/api/compute.googleapis.com/overview?project=574392149055 then retry. If you enabled this API recently, wait a few minutes for the action to propagate to our systems and retry.","errors":[{"message":"Compute Engine API has not been used in project 574392149055 before or it is disabled. Enable it by visiting https://console.developers.google.com/apis/api/compute.googleapis.com/overview?project=574392149055 then retry. If you enabled this API recently, wait a few minutes for the action to propagate to our systems and retry.","domain":"usageLimits","reason":"accessNotConfigured","extendedHelp":"https://console.developers.google.com"}],"status":"PERMISSION_DENIED","details":[{"@type":"type.googleapis.com/google.rpc.ErrorInfo","reason":"SERVICE_DISABLED","domain":"googleapis.com","metadata":{"activationUrl":"https://console.developers.google.com/apis/api/compute.googleapis.com/overview?project=574392149055","containerInfo":"574392149055","consumer":"projects/574392149055","serviceTitle":"Compute Engine API","service":"compute.googleapis.com"}},{"@type":"type.googleapis.com/google.rpc.LocalizedMessage","locale":"en-US","message":"Compute Engine API has not been used in project 574392149055 before or it is disabled. Enable it by visiting https://console.developers.google.com/apis/api/compute.googleapis.com/overview?project=574392149055 then retry. If you enabled this API recently, wait a few minutes for the action to propagate to our systems and retry."},{"@type":"type.googleapis.com/google.rpc.Help","links":[{"description":"Google developers console API activation","url":"https://console.developers.google.com/apis/api/compute.googleapis.com/overview?project=574392149055"}]}]}}
[debug] [2026-04-07T04:18:01.295Z] unable to look up default compute service account. Falling back to 574392149055-compute@developer.gserviceaccount.com. Error: {"name":"FirebaseError","children":[],"context":{"body":{"error":{"code":403,"message":"Compute Engine API has not been used in project 574392149055 before or it is disabled. Enable it by visiting https://console.developers.google.com/apis/api/compute.googleapis.com/overview?project=574392149055 then retry. If you enabled this API recently, wait a few minutes for the action to propagate to our systems and retry.","errors":[{"message":"Compute Engine API has not been used in project 574392149055 before or it is disabled. Enable it by visiting https://console.developers.google.com/apis/api/compute.googleapis.com/overview?project=574392149055 then retry. If you enabled this API recently, wait a few minutes for the action to propagate to our systems and retry.","domain":"usageLimits","reason":"accessNotConfigured","extendedHelp":"https://console.developers.google.com"}],"status":"PERMISSION_DENIED","details":[{"@type":"type.googleapis.com/google.rpc.ErrorInfo","reason":"SERVICE_DISABLED","domain":"googleapis.com","metadata":{"activationUrl":"https://console.developers.google.com/apis/api/compute.googleapis.com/overview?project=574392149055","containerInfo":"574392149055","consumer":"projects/574392149055","serviceTitle":"Compute Engine API","service":"compute.googleapis.com"}},{"@type":"type.googleapis.com/google.rpc.LocalizedMessage","locale":"en-US","message":"Compute Engine API has not been used in project 574392149055 before or it is disabled. Enable it by visiting https://console.developers.google.com/apis/api/compute.googleapis.com/overview?project=574392149055 then retry. If you enabled this API recently, wait a few minutes for the action to propagate to our systems and retry."},{"@type":"type.googleapis.com/google.rpc.Help","links":[{"description":"Google developers console API activation","url":"https://console.developers.google.com/apis/api/compute.googleapis.com/overview?project=574392149055"}]}]}},"response":{"statusCode":403}},"exit":1,"message":"Request to https://compute.googleapis.com/compute/v1/projects/574392149055 had HTTP Error: 403, Compute Engine API has not been used in project 574392149055 before or it is disabled. Enable it by visiting https://console.developers.google.com/apis/api/compute.googleapis.com/overview?project=574392149055 then retry. If you enabled this API recently, wait a few minutes for the action to propagate to our systems and retry.","status":403}
[debug] [2026-04-07T04:18:01.295Z] Checked if tokens are valid: true, expires at: 1775537617593
[debug] [2026-04-07T04:18:01.295Z] Checked if tokens are valid: true, expires at: 1775537617593
[debug] [2026-04-07T04:18:01.295Z] >>> [apiv2][query] GET https://compute.googleapis.com/compute/v1/projects/574392149055 [none]
[debug] [2026-04-07T04:18:02.222Z] <<< [apiv2][status] GET https://compute.googleapis.com/compute/v1/projects/574392149055 403
[debug] [2026-04-07T04:18:02.222Z] <<< [apiv2][body] GET https://compute.googleapis.com/compute/v1/projects/574392149055 {"error":{"code":403,"message":"Compute Engine API has not been used in project 574392149055 before or it is disabled. Enable it by visiting https://console.developers.google.com/apis/api/compute.googleapis.com/overview?project=574392149055 then retry. If you enabled this API recently, wait a few minutes for the action to propagate to our systems and retry.","errors":[{"message":"Compute Engine API has not been used in project 574392149055 before or it is disabled. Enable it by visiting https://console.developers.google.com/apis/api/compute.googleapis.com/overview?project=574392149055 then retry. If you enabled this API recently, wait a few minutes for the action to propagate to our systems and retry.","domain":"usageLimits","reason":"accessNotConfigured","extendedHelp":"https://console.developers.google.com"}],"status":"PERMISSION_DENIED","details":[{"@type":"type.googleapis.com/google.rpc.ErrorInfo","reason":"SERVICE_DISABLED","domain":"googleapis.com","metadata":{"activationUrl":"https://console.developers.google.com/apis/api/compute.googleapis.com/overview?project=574392149055","service":"compute.googleapis.com","consumer":"projects/574392149055","serviceTitle":"Compute Engine API","containerInfo":"574392149055"}},{"@type":"type.googleapis.com/google.rpc.LocalizedMessage","locale":"en-US","message":"Compute Engine API has not been used in project 574392149055 before or it is disabled. Enable it by visiting https://console.developers.google.com/apis/api/compute.googleapis.com/overview?project=574392149055 then retry. If you enabled this API recently, wait a few minutes for the action to propagate to our systems and retry."},{"@type":"type.googleapis.com/google.rpc.Help","links":[{"description":"Google developers console API activation","url":"https://console.developers.google.com/apis/api/compute.googleapis.com/overview?project=574392149055"}]}]}}
[debug] [2026-04-07T04:18:02.222Z] unable to look up default compute service account. Falling back to 574392149055-compute@developer.gserviceaccount.com. Error: {"name":"FirebaseError","children":[],"context":{"body":{"error":{"code":403,"message":"Compute Engine API has not been used in project 574392149055 before or it is disabled. Enable it by visiting https://console.developers.google.com/apis/api/compute.googleapis.com/overview?project=574392149055 then retry. If you enabled this API recently, wait a few minutes for the action to propagate to our systems and retry.","errors":[{"message":"Compute Engine API has not been used in project 574392149055 before or it is disabled. Enable it by visiting https://console.developers.google.com/apis/api/compute.googleapis.com/overview?project=574392149055 then retry. If you enabled this API recently, wait a few minutes for the action to propagate to our systems and retry.","domain":"usageLimits","reason":"accessNotConfigured","extendedHelp":"https://console.developers.google.com"}],"status":"PERMISSION_DENIED","details":[{"@type":"type.googleapis.com/google.rpc.ErrorInfo","reason":"SERVICE_DISABLED","domain":"googleapis.com","metadata":{"activationUrl":"https://console.developers.google.com/apis/api/compute.googleapis.com/overview?project=574392149055","service":"compute.googleapis.com","consumer":"projects/574392149055","serviceTitle":"Compute Engine API","containerInfo":"574392149055"}},{"@type":"type.googleapis.com/google.rpc.LocalizedMessage","locale":"en-US","message":"Compute Engine API has not been used in project 574392149055 before or it is disabled. Enable it by visiting https://console.developers.google.com/apis/api/compute.googleapis.com/overview?project=574392149055 then retry. If you enabled this API recently, wait a few minutes for the action to propagate to our systems and retry."},{"@type":"type.googleapis.com/google.rpc.Help","links":[{"description":"Google developers console API activation","url":"https://console.developers.google.com/apis/api/compute.googleapis.com/overview?project=574392149055"}]}]}},"response":{"statusCode":403}},"exit":1,"message":"Request to https://compute.googleapis.com/compute/v1/projects/574392149055 had HTTP Error: 403, Compute Engine API has not been used in project 574392149055 before or it is disabled. Enable it by visiting https://console.developers.google.com/apis/api/compute.googleapis.com/overview?project=574392149055 then retry. If you enabled this API recently, wait a few minutes for the action to propagate to our systems and retry.","status":403}
[debug] [2026-04-07T04:18:02.223Z] Checked if tokens are valid: true, expires at: 1775537617593
[debug] [2026-04-07T04:18:02.223Z] Checked if tokens are valid: true, expires at: 1775537617593
[debug] [2026-04-07T04:18:02.223Z] >>> [apiv2][query] GET https://cloudbilling.googleapis.com/v1/projects/organizador-de-campeonato/billingInfo [none]
[debug] [2026-04-07T04:18:03.582Z] <<< [apiv2][status] GET https://cloudbilling.googleapis.com/v1/projects/organizador-de-campeonato/billingInfo 200
[debug] [2026-04-07T04:18:03.582Z] <<< [apiv2][body] GET https://cloudbilling.googleapis.com/v1/projects/organizador-de-campeonato/billingInfo {"name":"projects/organizador-de-campeonato/billingInfo","projectId":"organizador-de-campeonato","billingAccountName":"billingAccounts/01A70E-254603-F9FD77","billingEnabled":true}
[debug] [2026-04-07T04:18:03.583Z] Checked if tokens are valid: true, expires at: 1775537617593
[debug] [2026-04-07T04:18:03.583Z] Checked if tokens are valid: true, expires at: 1775537617593
[debug] [2026-04-07T04:18:03.583Z] >>> [apiv2][query] POST https://cloudfunctions.googleapis.com/v2/projects/organizador-de-campeonato/locations/us-central1/functions:generateUploadUrl [none]
[debug] [2026-04-07T04:18:04.751Z] <<< [apiv2][status] POST https://cloudfunctions.googleapis.com/v2/projects/organizador-de-campeonato/locations/us-central1/functions:generateUploadUrl 200
[debug] [2026-04-07T04:18:04.751Z] <<< [apiv2][body] POST https://cloudfunctions.googleapis.com/v2/projects/organizador-de-campeonato/locations/us-central1/functions:generateUploadUrl {"uploadUrl":"https://storage.googleapis.com/gcf-v2-uploads-574392149055.us-central1.cloudfunctions.appspot.com/63088564-df24-48bc-861d-42f0736d3036.zip?GoogleAccessId=service-574392149055@gcf-admin-robot.iam.gserviceaccount.com&Expires=1775537284&Signature=pW189qkoRWAXjGOeedrBQJSw0pSmEkE%2F%2BEpWzm%2FiV2Lj7oOIAd39H4Clup5bjEvThROQvegCQMoTSXW49y8eONaKeKrn22msqnBCbrPz2CvhmNmQMm8s9A1pvXFHhqHz%2Fp6w%2Bgm7SU7IwuHW%2BGDT1tOtn91aGPG2J25RE3ZOR3vvPKpa9pr6JbN0eG4JwHqWojP8uKh8jJtH7KxYn84VKLIrrqpONDP7jhf0PTtskR9Mtih5G%2B7ccMIS%2FQrmg5QswIUwjQvFndWLGY8gjkWp6ZlobAt6cSCMEyBhe7E6i4QsGIpNGYc1hOSNAsak9w7r%2Bi0GND9K4fH%2BY1K8zdGLJA%3D%3D","storageSource":{"bucket":"gcf-v2-uploads-574392149055.us-central1.cloudfunctions.appspot.com","object":"63088564-df24-48bc-861d-42f0736d3036.zip"}}
[debug] [2026-04-07T04:18:04.751Z] >>> [apiv2][query] PUT https://storage.googleapis.com/gcf-v2-uploads-574392149055.us-central1.cloudfunctions.appspot.com/63088564-df24-48bc-861d-42f0736d3036.zip GoogleAccessId=service-574392149055%40gcf-admin-robot.iam.gserviceaccount.com&Expires=1775537284&Signature=pW189qkoRWAXjGOeedrBQJSw0pSmEkE%2F%2BEpWzm%2FiV2Lj7oOIAd39H4Clup5bjEvThROQvegCQMoTSXW49y8eONaKeKrn22msqnBCbrPz2CvhmNmQMm8s9A1pvXFHhqHz%2Fp6w%2Bgm7SU7IwuHW%2BGDT1tOtn91aGPG2J25RE3ZOR3vvPKpa9pr6JbN0eG4JwHqWojP8uKh8jJtH7KxYn84VKLIrrqpONDP7jhf0PTtskR9Mtih5G%2B7ccMIS%2FQrmg5QswIUwjQvFndWLGY8gjkWp6ZlobAt6cSCMEyBhe7E6i4QsGIpNGYc1hOSNAsak9w7r%2Bi0GND9K4fH%2BY1K8zdGLJA%3D%3D
[debug] [2026-04-07T04:18:04.751Z] >>> [apiv2][body] PUT https://storage.googleapis.com/gcf-v2-uploads-574392149055.us-central1.cloudfunctions.appspot.com/63088564-df24-48bc-861d-42f0736d3036.zip [stream]
[debug] [2026-04-07T04:18:05.971Z] <<< [apiv2][status] PUT https://storage.googleapis.com/gcf-v2-uploads-574392149055.us-central1.cloudfunctions.appspot.com/63088564-df24-48bc-861d-42f0736d3036.zip 200
[debug] [2026-04-07T04:18:05.971Z] <<< [apiv2][body] PUT https://storage.googleapis.com/gcf-v2-uploads-574392149055.us-central1.cloudfunctions.appspot.com/63088564-df24-48bc-861d-42f0736d3036.zip [omitted]
[info] ✔  functions: functions source uploaded successfully 
[info] i  functions: updating Node.js 22 (2nd Gen) function onJogoUpdate(us-central1)... 
[info] i  functions: updating Node.js 22 (2nd Gen) function onMataMataUpdate(us-central1)... 
[debug] [2026-04-07T04:18:05.975Z] Checked if tokens are valid: true, expires at: 1775537617593
[debug] [2026-04-07T04:18:05.975Z] Checked if tokens are valid: true, expires at: 1775537617593
[debug] [2026-04-07T04:18:05.975Z] >>> [apiv2][query] PATCH https://cloudfunctions.googleapis.com/v2/projects/organizador-de-campeonato/locations/us-central1/functions/onJogoUpdate updateMask=name%2CbuildConfig.runtime%2CbuildConfig.entryPoint%2CbuildConfig.source.storageSource.bucket%2CbuildConfig.source.storageSource.object%2CbuildConfig.environmentVariables%2CbuildConfig.sourceToken%2CserviceConfig.environmentVariables%2CserviceConfig.ingressSettings%2CserviceConfig.timeoutSeconds%2CserviceConfig.serviceAccountEmail%2CserviceConfig.availableMemory%2CserviceConfig.minInstanceCount%2CserviceConfig.maxInstanceCount%2CserviceConfig.maxInstanceRequestConcurrency%2CserviceConfig.availableCpu%2CserviceConfig.vpcConnector%2CserviceConfig.vpcConnectorEgressSettings%2CserviceConfig.directVpcNetworkInterface%2CserviceConfig.directVpcEgress%2Clabels%2CeventTrigger.eventType%2CeventTrigger.retryPolicy%2CeventTrigger.eventFilters%2CeventTrigger.triggerRegion
[debug] [2026-04-07T04:18:05.975Z] >>> [apiv2][body] PATCH https://cloudfunctions.googleapis.com/v2/projects/organizador-de-campeonato/locations/us-central1/functions/onJogoUpdate {"name":"projects/organizador-de-campeonato/locations/us-central1/functions/onJogoUpdate","buildConfig":{"runtime":"nodejs22","entryPoint":"onJogoUpdate","source":{"storageSource":{"bucket":"gcf-v2-uploads-574392149055.us-central1.cloudfunctions.appspot.com","object":"63088564-df24-48bc-861d-42f0736d3036.zip"}},"environmentVariables":{"GOOGLE_NODE_RUN_SCRIPTS":""}},"serviceConfig":{"environmentVariables":{"FIREBASE_CONFIG":"{\"projectId\":\"organizador-de-campeonato\",\"storageBucket\":\"organizador-de-campeonato.firebasestorage.app\"}","GCLOUD_PROJECT":"organizador-de-campeonato","EVENTARC_CLOUD_EVENT_SOURCE":"projects/organizador-de-campeonato/locations/us-central1/services/onJogoUpdate","FUNCTION_SIGNATURE_TYPE":"cloudevent","FUNCTION_TARGET":"onJogoUpdate","LOG_EXECUTION_ID":"true"},"ingressSettings":null,"timeoutSeconds":null,"serviceAccountEmail":null,"availableMemory":"256Mi","minInstanceCount":null,"maxInstanceCount":null,"maxInstanceRequestConcurrency":80,"availableCpu":"1","vpcConnector":null,"vpcConnectorEgressSettings":null,"directVpcNetworkInterface":null,"directVpcEgress":null},"labels":{"deployment-tool":"cli-firebase","firebase-functions-hash":"bbf6a6004650fba9e5d3ea07c0e0952cb85253f9"},"eventTrigger":{"eventType":"google.cloud.firestore.document.v1.updated","retryPolicy":"RETRY_POLICY_DO_NOT_RETRY","eventFilters":[{"attribute":"database","value":"(default)"},{"attribute":"namespace","value":"(default)"},{"attribute":"document","value":"jogos/{jogoId}","operator":"match-path-pattern"}],"triggerRegion":"nam5"}}
[debug] [2026-04-07T04:18:07.848Z] <<< [apiv2][status] PATCH https://cloudfunctions.googleapis.com/v2/projects/organizador-de-campeonato/locations/us-central1/functions/onJogoUpdate 200
[debug] [2026-04-07T04:18:07.849Z] <<< [apiv2][body] PATCH https://cloudfunctions.googleapis.com/v2/projects/organizador-de-campeonato/locations/us-central1/functions/onJogoUpdate {"name":"projects/organizador-de-campeonato/locations/us-central1/operations/operation-1775535486820-64ed711fa606c-d8dcd781-ba35ce7f","metadata":{"@type":"type.googleapis.com/google.cloud.functions.v2.OperationMetadata","createTime":"2026-04-07T04:18:07.719939636Z","target":"projects/organizador-de-campeonato/locations/us-central1/functions/onJogoUpdate","verb":"update","cancelRequested":false,"apiVersion":"v2"},"done":false}
[debug] [2026-04-07T04:18:07.849Z] Checked if tokens are valid: true, expires at: 1775537617593
[debug] [2026-04-07T04:18:07.849Z] Checked if tokens are valid: true, expires at: 1775537617593
[debug] [2026-04-07T04:18:07.849Z] >>> [apiv2][query] GET https://cloudfunctions.googleapis.com/v2/projects/organizador-de-campeonato/locations/us-central1/operations/operation-1775535486820-64ed711fa606c-d8dcd781-ba35ce7f [none]
[debug] [2026-04-07T04:18:08.809Z] <<< [apiv2][status] GET https://cloudfunctions.googleapis.com/v2/projects/organizador-de-campeonato/locations/us-central1/operations/operation-1775535486820-64ed711fa606c-d8dcd781-ba35ce7f 200
[debug] [2026-04-07T04:18:08.809Z] <<< [apiv2][body] GET https://cloudfunctions.googleapis.com/v2/projects/organizador-de-campeonato/locations/us-central1/operations/operation-1775535486820-64ed711fa606c-d8dcd781-ba35ce7f {"name":"projects/organizador-de-campeonato/locations/us-central1/operations/operation-1775535486820-64ed711fa606c-d8dcd781-ba35ce7f","metadata":{"@type":"type.googleapis.com/google.cloud.functions.v2.OperationMetadata","createTime":"2026-04-07T04:18:07.719939636Z","target":"projects/organizador-de-campeonato/locations/us-central1/functions/onJogoUpdate","verb":"update","cancelRequested":false,"apiVersion":"v2","requestResource":{"@type":"type.googleapis.com/google.cloud.functions.v2.Function","name":"projects/organizador-de-campeonato/locations/us-central1/functions/onJogoUpdate","buildConfig":{"runtime":"nodejs22","entryPoint":"onJogoUpdate","source":{"storageSource":{"bucket":"gcf-v2-sources-574392149055-us-central1","object":"onJogoUpdate/function-source.zip","generation":"1775535487661115"}},"environmentVariables":{"GOOGLE_NODE_RUN_SCRIPTS":""},"dockerRepository":"projects/organizador-de-campeonato/locations/us-central1/repositories/gcf-artifacts","sourceProvenance":{"resolvedStorageSource":{"bucket":"gcf-v2-sources-574392149055-us-central1","object":"onJogoUpdate/function-source.zip","generation":"1775534519556448"}},"dockerRegistry":"ARTIFACT_REGISTRY","serviceAccount":"projects/organizador-de-campeonato/serviceAccounts/574392149055-compute@developer.gserviceaccount.com","automaticUpdatePolicy":{}},"serviceConfig":{"service":"projects/organizador-de-campeonato/locations/us-central1/services/onjogoupdate","timeoutSeconds":60,"environmentVariables":{"FIREBASE_CONFIG":"{\"projectId\":\"organizador-de-campeonato\",\"storageBucket\":\"organizador-de-campeonato.firebasestorage.app\"}","GCLOUD_PROJECT":"organizador-de-campeonato","EVENTARC_CLOUD_EVENT_SOURCE":"projects/organizador-de-campeonato/locations/us-central1/services/onJogoUpdate","FUNCTION_SIGNATURE_TYPE":"cloudevent","FUNCTION_TARGET":"onJogoUpdate","LOG_EXECUTION_ID":"true"},"ingressSettings":"ALLOW_ALL","uri":"https://onjogoupdate-3r6yq2xs2q-uc.a.run.app","serviceAccountEmail":"574392149055-compute@developer.gserviceaccount.com","availableMemory":"256Mi","allTrafficOnLatestRevision":true,"revision":"onjogoupdate-00003-xoc","maxInstanceRequestConcurrency":80,"availableCpu":"1"},"eventTrigger":{"trigger":"projects/organizador-de-campeonato/locations/nam5/triggers/onjogoupdate-719401","triggerRegion":"nam5","eventType":"google.cloud.firestore.document.v1.updated","eventFilters":[{"attribute":"database","value":"(default)"},{"attribute":"namespace","value":"(default)"},{"attribute":"document","value":"jogos/{jogoId}","operator":"match-path-pattern"}],"pubsubTopic":"projects/organizador-de-campeonato/topics/eventarc-nam5-onjogoupdate-719401-870","serviceAccountEmail":"574392149055-compute@developer.gserviceaccount.com","retryPolicy":"RETRY_POLICY_DO_NOT_RETRY"},"state":"ACTIVE","labels":{"deployment-tool":"cli-firebase","firebase-functions-hash":"bbf6a6004650fba9e5d3ea07c0e0952cb85253f9"},"environment":"GEN_2","url":"https://us-central1-organizador-de-campeonato.cloudfunctions.net/onJogoUpdate","satisfiesPzi":true},"stages":[{"name":"BUILD","message":"Creating build","state":"IN_PROGRESS","resource":"projects/574392149055/locations/us-central1/builds/e180464b-e849-480f-b8ad-0eb059751fba","resourceUri":"https://console.cloud.google.com/cloud-build/builds;region=us-central1/e180464b-e849-480f-b8ad-0eb059751fba?project=574392149055"},{"name":"SERVICE","state":"NOT_STARTED"},{"name":"TRIGGER","state":"NOT_STARTED"}],"operationType":"UPDATE_FUNCTION","buildName":"projects/574392149055/locations/us-central1/builds/e180464b-e849-480f-b8ad-0eb059751fba"},"done":false}
[debug] [2026-04-07T04:18:09.312Z] [update-default-us-central1-onJogoUpdate] Retrying task index 0
[debug] [2026-04-07T04:18:09.313Z] Checked if tokens are valid: true, expires at: 1775537617593
[debug] [2026-04-07T04:18:09.313Z] Checked if tokens are valid: true, expires at: 1775537617593
[debug] [2026-04-07T04:18:09.313Z] >>> [apiv2][query] GET https://cloudfunctions.googleapis.com/v2/projects/organizador-de-campeonato/locations/us-central1/operations/operation-1775535486820-64ed711fa606c-d8dcd781-ba35ce7f [none]
[debug] [2026-04-07T04:18:10.258Z] <<< [apiv2][status] GET https://cloudfunctions.googleapis.com/v2/projects/organizador-de-campeonato/locations/us-central1/operations/operation-1775535486820-64ed711fa606c-d8dcd781-ba35ce7f 200
[debug] [2026-04-07T04:18:10.258Z] <<< [apiv2][body] GET https://cloudfunctions.googleapis.com/v2/projects/organizador-de-campeonato/locations/us-central1/operations/operation-1775535486820-64ed711fa606c-d8dcd781-ba35ce7f {"name":"projects/organizador-de-campeonato/locations/us-central1/operations/operation-1775535486820-64ed711fa606c-d8dcd781-ba35ce7f","metadata":{"@type":"type.googleapis.com/google.cloud.functions.v2.OperationMetadata","createTime":"2026-04-07T04:18:07.719939636Z","target":"projects/organizador-de-campeonato/locations/us-central1/functions/onJogoUpdate","verb":"update","cancelRequested":false,"apiVersion":"v2","requestResource":{"@type":"type.googleapis.com/google.cloud.functions.v2.Function","name":"projects/organizador-de-campeonato/locations/us-central1/functions/onJogoUpdate","buildConfig":{"runtime":"nodejs22","entryPoint":"onJogoUpdate","source":{"storageSource":{"bucket":"gcf-v2-sources-574392149055-us-central1","object":"onJogoUpdate/function-source.zip","generation":"1775535487661115"}},"environmentVariables":{"GOOGLE_NODE_RUN_SCRIPTS":""},"dockerRepository":"projects/organizador-de-campeonato/locations/us-central1/repositories/gcf-artifacts","sourceProvenance":{"resolvedStorageSource":{"bucket":"gcf-v2-sources-574392149055-us-central1","object":"onJogoUpdate/function-source.zip","generation":"1775534519556448"}},"dockerRegistry":"ARTIFACT_REGISTRY","serviceAccount":"projects/organizador-de-campeonato/serviceAccounts/574392149055-compute@developer.gserviceaccount.com","automaticUpdatePolicy":{}},"serviceConfig":{"service":"projects/organizador-de-campeonato/locations/us-central1/services/onjogoupdate","timeoutSeconds":60,"environmentVariables":{"FIREBASE_CONFIG":"{\"projectId\":\"organizador-de-campeonato\",\"storageBucket\":\"organizador-de-campeonato.firebasestorage.app\"}","GCLOUD_PROJECT":"organizador-de-campeonato","EVENTARC_CLOUD_EVENT_SOURCE":"projects/organizador-de-campeonato/locations/us-central1/services/onJogoUpdate","FUNCTION_SIGNATURE_TYPE":"cloudevent","FUNCTION_TARGET":"onJogoUpdate","LOG_EXECUTION_ID":"true"},"ingressSettings":"ALLOW_ALL","uri":"https://onjogoupdate-3r6yq2xs2q-uc.a.run.app","serviceAccountEmail":"574392149055-compute@developer.gserviceaccount.com","availableMemory":"256Mi","allTrafficOnLatestRevision":true,"revision":"onjogoupdate-00003-xoc","maxInstanceRequestConcurrency":80,"availableCpu":"1"},"eventTrigger":{"trigger":"projects/organizador-de-campeonato/locations/nam5/triggers/onjogoupdate-719401","triggerRegion":"nam5","eventType":"google.cloud.firestore.document.v1.updated","eventFilters":[{"attribute":"database","value":"(default)"},{"attribute":"namespace","value":"(default)"},{"attribute":"document","value":"jogos/{jogoId}","operator":"match-path-pattern"}],"pubsubTopic":"projects/organizador-de-campeonato/topics/eventarc-nam5-onjogoupdate-719401-870","serviceAccountEmail":"574392149055-compute@developer.gserviceaccount.com","retryPolicy":"RETRY_POLICY_DO_NOT_RETRY"},"state":"ACTIVE","labels":{"deployment-tool":"cli-firebase","firebase-functions-hash":"bbf6a6004650fba9e5d3ea07c0e0952cb85253f9"},"environment":"GEN_2","url":"https://us-central1-organizador-de-campeonato.cloudfunctions.net/onJogoUpdate","satisfiesPzi":true},"stages":[{"name":"BUILD","message":"Build in progress","state":"IN_PROGRESS","resource":"projects/574392149055/locations/us-central1/builds/e180464b-e849-480f-b8ad-0eb059751fba","resourceUri":"https://console.cloud.google.com/cloud-build/builds;region=us-central1/e180464b-e849-480f-b8ad-0eb059751fba?project=574392149055"},{"name":"SERVICE","state":"NOT_STARTED"},{"name":"TRIGGER","state":"NOT_STARTED"}],"operationType":"UPDATE_FUNCTION","buildName":"projects/574392149055/locations/us-central1/builds/e180464b-e849-480f-b8ad-0eb059751fba"},"done":false}
[debug] [2026-04-07T04:18:11.260Z] [update-default-us-central1-onJogoUpdate] Retrying task index 0
[debug] [2026-04-07T04:18:11.260Z] Checked if tokens are valid: true, expires at: 1775537617593
[debug] [2026-04-07T04:18:11.260Z] Checked if tokens are valid: true, expires at: 1775537617593
[debug] [2026-04-07T04:18:11.260Z] >>> [apiv2][query] GET https://cloudfunctions.googleapis.com/v2/projects/organizador-de-campeonato/locations/us-central1/operations/operation-1775535486820-64ed711fa606c-d8dcd781-ba35ce7f [none]
[debug] [2026-04-07T04:18:12.256Z] <<< [apiv2][status] GET https://cloudfunctions.googleapis.com/v2/projects/organizador-de-campeonato/locations/us-central1/operations/operation-1775535486820-64ed711fa606c-d8dcd781-ba35ce7f 200
[debug] [2026-04-07T04:18:12.257Z] <<< [apiv2][body] GET https://cloudfunctions.googleapis.com/v2/projects/organizador-de-campeonato/locations/us-central1/operations/operation-1775535486820-64ed711fa606c-d8dcd781-ba35ce7f {"name":"projects/organizador-de-campeonato/locations/us-central1/operations/operation-1775535486820-64ed711fa606c-d8dcd781-ba35ce7f","metadata":{"@type":"type.googleapis.com/google.cloud.functions.v2.OperationMetadata","createTime":"2026-04-07T04:18:07.719939636Z","target":"projects/organizador-de-campeonato/locations/us-central1/functions/onJogoUpdate","verb":"update","cancelRequested":false,"apiVersion":"v2","requestResource":{"@type":"type.googleapis.com/google.cloud.functions.v2.Function","name":"projects/organizador-de-campeonato/locations/us-central1/functions/onJogoUpdate","buildConfig":{"runtime":"nodejs22","entryPoint":"onJogoUpdate","source":{"storageSource":{"bucket":"gcf-v2-sources-574392149055-us-central1","object":"onJogoUpdate/function-source.zip","generation":"1775535487661115"}},"environmentVariables":{"GOOGLE_NODE_RUN_SCRIPTS":""},"dockerRepository":"projects/organizador-de-campeonato/locations/us-central1/repositories/gcf-artifacts","sourceProvenance":{"resolvedStorageSource":{"bucket":"gcf-v2-sources-574392149055-us-central1","object":"onJogoUpdate/function-source.zip","generation":"1775534519556448"}},"dockerRegistry":"ARTIFACT_REGISTRY","serviceAccount":"projects/organizador-de-campeonato/serviceAccounts/574392149055-compute@developer.gserviceaccount.com","automaticUpdatePolicy":{}},"serviceConfig":{"service":"projects/organizador-de-campeonato/locations/us-central1/services/onjogoupdate","timeoutSeconds":60,"environmentVariables":{"FIREBASE_CONFIG":"{\"projectId\":\"organizador-de-campeonato\",\"storageBucket\":\"organizador-de-campeonato.firebasestorage.app\"}","GCLOUD_PROJECT":"organizador-de-campeonato","EVENTARC_CLOUD_EVENT_SOURCE":"projects/organizador-de-campeonato/locations/us-central1/services/onJogoUpdate","FUNCTION_SIGNATURE_TYPE":"cloudevent","FUNCTION_TARGET":"onJogoUpdate","LOG_EXECUTION_ID":"true"},"ingressSettings":"ALLOW_ALL","uri":"https://onjogoupdate-3r6yq2xs2q-uc.a.run.app","serviceAccountEmail":"574392149055-compute@developer.gserviceaccount.com","availableMemory":"256Mi","allTrafficOnLatestRevision":true,"revision":"onjogoupdate-00003-xoc","maxInstanceRequestConcurrency":80,"availableCpu":"1"},"eventTrigger":{"trigger":"projects/organizador-de-campeonato/locations/nam5/triggers/onjogoupdate-719401","triggerRegion":"nam5","eventType":"google.cloud.firestore.document.v1.updated","eventFilters":[{"attribute":"database","value":"(default)"},{"attribute":"namespace","value":"(default)"},{"attribute":"document","value":"jogos/{jogoId}","operator":"match-path-pattern"}],"pubsubTopic":"projects/organizador-de-campeonato/topics/eventarc-nam5-onjogoupdate-719401-870","serviceAccountEmail":"574392149055-compute@developer.gserviceaccount.com","retryPolicy":"RETRY_POLICY_DO_NOT_RETRY"},"state":"ACTIVE","labels":{"deployment-tool":"cli-firebase","firebase-functions-hash":"bbf6a6004650fba9e5d3ea07c0e0952cb85253f9"},"environment":"GEN_2","url":"https://us-central1-organizador-de-campeonato.cloudfunctions.net/onJogoUpdate","satisfiesPzi":true},"stages":[{"name":"BUILD","message":"Build in progress","state":"IN_PROGRESS","resource":"projects/574392149055/locations/us-central1/builds/e180464b-e849-480f-b8ad-0eb059751fba","resourceUri":"https://console.cloud.google.com/cloud-build/builds;region=us-central1/e180464b-e849-480f-b8ad-0eb059751fba?project=574392149055"},{"name":"SERVICE","state":"NOT_STARTED"},{"name":"TRIGGER","state":"NOT_STARTED"}],"operationType":"UPDATE_FUNCTION","buildName":"projects/574392149055/locations/us-central1/builds/e180464b-e849-480f-b8ad-0eb059751fba"},"done":false}
[debug] [2026-04-07T04:18:14.267Z] [update-default-us-central1-onJogoUpdate] Retrying task index 0
[debug] [2026-04-07T04:18:14.267Z] Checked if tokens are valid: true, expires at: 1775537617593
[debug] [2026-04-07T04:18:14.267Z] Checked if tokens are valid: true, expires at: 1775537617593
[debug] [2026-04-07T04:18:14.267Z] >>> [apiv2][query] GET https://cloudfunctions.googleapis.com/v2/projects/organizador-de-campeonato/locations/us-central1/operations/operation-1775535486820-64ed711fa606c-d8dcd781-ba35ce7f [none]
[debug] [2026-04-07T04:18:15.314Z] <<< [apiv2][status] GET https://cloudfunctions.googleapis.com/v2/projects/organizador-de-campeonato/locations/us-central1/operations/operation-1775535486820-64ed711fa606c-d8dcd781-ba35ce7f 200
[debug] [2026-04-07T04:18:15.314Z] <<< [apiv2][body] GET https://cloudfunctions.googleapis.com/v2/projects/organizador-de-campeonato/locations/us-central1/operations/operation-1775535486820-64ed711fa606c-d8dcd781-ba35ce7f {"name":"projects/organizador-de-campeonato/locations/us-central1/operations/operation-1775535486820-64ed711fa606c-d8dcd781-ba35ce7f","metadata":{"@type":"type.googleapis.com/google.cloud.functions.v2.OperationMetadata","createTime":"2026-04-07T04:18:07.719939636Z","target":"projects/organizador-de-campeonato/locations/us-central1/functions/onJogoUpdate","verb":"update","cancelRequested":false,"apiVersion":"v2","requestResource":{"@type":"type.googleapis.com/google.cloud.functions.v2.Function","name":"projects/organizador-de-campeonato/locations/us-central1/functions/onJogoUpdate","buildConfig":{"runtime":"nodejs22","entryPoint":"onJogoUpdate","source":{"storageSource":{"bucket":"gcf-v2-sources-574392149055-us-central1","object":"onJogoUpdate/function-source.zip","generation":"1775535487661115"}},"environmentVariables":{"GOOGLE_NODE_RUN_SCRIPTS":""},"dockerRepository":"projects/organizador-de-campeonato/locations/us-central1/repositories/gcf-artifacts","sourceProvenance":{"resolvedStorageSource":{"bucket":"gcf-v2-sources-574392149055-us-central1","object":"onJogoUpdate/function-source.zip","generation":"1775534519556448"}},"dockerRegistry":"ARTIFACT_REGISTRY","serviceAccount":"projects/organizador-de-campeonato/serviceAccounts/574392149055-compute@developer.gserviceaccount.com","automaticUpdatePolicy":{}},"serviceConfig":{"service":"projects/organizador-de-campeonato/locations/us-central1/services/onjogoupdate","timeoutSeconds":60,"environmentVariables":{"FIREBASE_CONFIG":"{\"projectId\":\"organizador-de-campeonato\",\"storageBucket\":\"organizador-de-campeonato.firebasestorage.app\"}","GCLOUD_PROJECT":"organizador-de-campeonato","EVENTARC_CLOUD_EVENT_SOURCE":"projects/organizador-de-campeonato/locations/us-central1/services/onJogoUpdate","FUNCTION_SIGNATURE_TYPE":"cloudevent","FUNCTION_TARGET":"onJogoUpdate","LOG_EXECUTION_ID":"true"},"ingressSettings":"ALLOW_ALL","uri":"https://onjogoupdate-3r6yq2xs2q-uc.a.run.app","serviceAccountEmail":"574392149055-compute@developer.gserviceaccount.com","availableMemory":"256Mi","allTrafficOnLatestRevision":true,"revision":"onjogoupdate-00003-xoc","maxInstanceRequestConcurrency":80,"availableCpu":"1"},"eventTrigger":{"trigger":"projects/organizador-de-campeonato/locations/nam5/triggers/onjogoupdate-719401","triggerRegion":"nam5","eventType":"google.cloud.firestore.document.v1.updated","eventFilters":[{"attribute":"database","value":"(default)"},{"attribute":"namespace","value":"(default)"},{"attribute":"document","value":"jogos/{jogoId}","operator":"match-path-pattern"}],"pubsubTopic":"projects/organizador-de-campeonato/topics/eventarc-nam5-onjogoupdate-719401-870","serviceAccountEmail":"574392149055-compute@developer.gserviceaccount.com","retryPolicy":"RETRY_POLICY_DO_NOT_RETRY"},"state":"ACTIVE","labels":{"deployment-tool":"cli-firebase","firebase-functions-hash":"bbf6a6004650fba9e5d3ea07c0e0952cb85253f9"},"environment":"GEN_2","url":"https://us-central1-organizador-de-campeonato.cloudfunctions.net/onJogoUpdate","satisfiesPzi":true},"stages":[{"name":"BUILD","message":"Build in progress","state":"IN_PROGRESS","resource":"projects/574392149055/locations/us-central1/builds/e180464b-e849-480f-b8ad-0eb059751fba","resourceUri":"https://console.cloud.google.com/cloud-build/builds;region=us-central1/e180464b-e849-480f-b8ad-0eb059751fba?project=574392149055"},{"name":"SERVICE","state":"NOT_STARTED"},{"name":"TRIGGER","state":"NOT_STARTED"}],"operationType":"UPDATE_FUNCTION","buildName":"projects/574392149055/locations/us-central1/builds/e180464b-e849-480f-b8ad-0eb059751fba"},"done":false}
[debug] [2026-04-07T04:18:19.314Z] [update-default-us-central1-onJogoUpdate] Retrying task index 0
[debug] [2026-04-07T04:18:19.314Z] Checked if tokens are valid: true, expires at: 1775537617593
[debug] [2026-04-07T04:18:19.314Z] Checked if tokens are valid: true, expires at: 1775537617593
[debug] [2026-04-07T04:18:19.314Z] >>> [apiv2][query] GET https://cloudfunctions.googleapis.com/v2/projects/organizador-de-campeonato/locations/us-central1/operations/operation-1775535486820-64ed711fa606c-d8dcd781-ba35ce7f [none]
[debug] [2026-04-07T04:18:20.341Z] <<< [apiv2][status] GET https://cloudfunctions.googleapis.com/v2/projects/organizador-de-campeonato/locations/us-central1/operations/operation-1775535486820-64ed711fa606c-d8dcd781-ba35ce7f 200
[debug] [2026-04-07T04:18:20.341Z] <<< [apiv2][body] GET https://cloudfunctions.googleapis.com/v2/projects/organizador-de-campeonato/locations/us-central1/operations/operation-1775535486820-64ed711fa606c-d8dcd781-ba35ce7f {"name":"projects/organizador-de-campeonato/locations/us-central1/operations/operation-1775535486820-64ed711fa606c-d8dcd781-ba35ce7f","metadata":{"@type":"type.googleapis.com/google.cloud.functions.v2.OperationMetadata","createTime":"2026-04-07T04:18:07.719939636Z","target":"projects/organizador-de-campeonato/locations/us-central1/functions/onJogoUpdate","verb":"update","cancelRequested":false,"apiVersion":"v2","requestResource":{"@type":"type.googleapis.com/google.cloud.functions.v2.Function","name":"projects/organizador-de-campeonato/locations/us-central1/functions/onJogoUpdate","buildConfig":{"runtime":"nodejs22","entryPoint":"onJogoUpdate","source":{"storageSource":{"bucket":"gcf-v2-sources-574392149055-us-central1","object":"onJogoUpdate/function-source.zip","generation":"1775535487661115"}},"environmentVariables":{"GOOGLE_NODE_RUN_SCRIPTS":""},"dockerRepository":"projects/organizador-de-campeonato/locations/us-central1/repositories/gcf-artifacts","sourceProvenance":{"resolvedStorageSource":{"bucket":"gcf-v2-sources-574392149055-us-central1","object":"onJogoUpdate/function-source.zip","generation":"1775534519556448"}},"dockerRegistry":"ARTIFACT_REGISTRY","serviceAccount":"projects/organizador-de-campeonato/serviceAccounts/574392149055-compute@developer.gserviceaccount.com","automaticUpdatePolicy":{}},"serviceConfig":{"service":"projects/organizador-de-campeonato/locations/us-central1/services/onjogoupdate","timeoutSeconds":60,"environmentVariables":{"FIREBASE_CONFIG":"{\"projectId\":\"organizador-de-campeonato\",\"storageBucket\":\"organizador-de-campeonato.firebasestorage.app\"}","GCLOUD_PROJECT":"organizador-de-campeonato","EVENTARC_CLOUD_EVENT_SOURCE":"projects/organizador-de-campeonato/locations/us-central1/services/onJogoUpdate","FUNCTION_SIGNATURE_TYPE":"cloudevent","FUNCTION_TARGET":"onJogoUpdate","LOG_EXECUTION_ID":"true"},"ingressSettings":"ALLOW_ALL","uri":"https://onjogoupdate-3r6yq2xs2q-uc.a.run.app","serviceAccountEmail":"574392149055-compute@developer.gserviceaccount.com","availableMemory":"256Mi","allTrafficOnLatestRevision":true,"revision":"onjogoupdate-00003-xoc","maxInstanceRequestConcurrency":80,"availableCpu":"1"},"eventTrigger":{"trigger":"projects/organizador-de-campeonato/locations/nam5/triggers/onjogoupdate-719401","triggerRegion":"nam5","eventType":"google.cloud.firestore.document.v1.updated","eventFilters":[{"attribute":"database","value":"(default)"},{"attribute":"namespace","value":"(default)"},{"attribute":"document","value":"jogos/{jogoId}","operator":"match-path-pattern"}],"pubsubTopic":"projects/organizador-de-campeonato/topics/eventarc-nam5-onjogoupdate-719401-870","serviceAccountEmail":"574392149055-compute@developer.gserviceaccount.com","retryPolicy":"RETRY_POLICY_DO_NOT_RETRY"},"state":"ACTIVE","labels":{"deployment-tool":"cli-firebase","firebase-functions-hash":"bbf6a6004650fba9e5d3ea07c0e0952cb85253f9"},"environment":"GEN_2","url":"https://us-central1-organizador-de-campeonato.cloudfunctions.net/onJogoUpdate","satisfiesPzi":true},"stages":[{"name":"BUILD","message":"Build in progress","state":"IN_PROGRESS","resource":"projects/574392149055/locations/us-central1/builds/e180464b-e849-480f-b8ad-0eb059751fba","resourceUri":"https://console.cloud.google.com/cloud-build/builds;region=us-central1/e180464b-e849-480f-b8ad-0eb059751fba?project=574392149055"},{"name":"SERVICE","state":"NOT_STARTED"},{"name":"TRIGGER","state":"NOT_STARTED"}],"operationType":"UPDATE_FUNCTION","buildName":"projects/574392149055/locations/us-central1/builds/e180464b-e849-480f-b8ad-0eb059751fba"},"done":false}
[debug] [2026-04-07T04:18:28.350Z] [update-default-us-central1-onJogoUpdate] Retrying task index 0
[debug] [2026-04-07T04:18:28.350Z] Checked if tokens are valid: true, expires at: 1775537617593
[debug] [2026-04-07T04:18:28.350Z] Checked if tokens are valid: true, expires at: 1775537617593
[debug] [2026-04-07T04:18:28.350Z] >>> [apiv2][query] GET https://cloudfunctions.googleapis.com/v2/projects/organizador-de-campeonato/locations/us-central1/operations/operation-1775535486820-64ed711fa606c-d8dcd781-ba35ce7f [none]
[debug] [2026-04-07T04:18:29.463Z] <<< [apiv2][status] GET https://cloudfunctions.googleapis.com/v2/projects/organizador-de-campeonato/locations/us-central1/operations/operation-1775535486820-64ed711fa606c-d8dcd781-ba35ce7f 200
[debug] [2026-04-07T04:18:29.464Z] <<< [apiv2][body] GET https://cloudfunctions.googleapis.com/v2/projects/organizador-de-campeonato/locations/us-central1/operations/operation-1775535486820-64ed711fa606c-d8dcd781-ba35ce7f {"name":"projects/organizador-de-campeonato/locations/us-central1/operations/operation-1775535486820-64ed711fa606c-d8dcd781-ba35ce7f","metadata":{"@type":"type.googleapis.com/google.cloud.functions.v2.OperationMetadata","createTime":"2026-04-07T04:18:07.719939636Z","target":"projects/organizador-de-campeonato/locations/us-central1/functions/onJogoUpdate","verb":"update","cancelRequested":false,"apiVersion":"v2","requestResource":{"@type":"type.googleapis.com/google.cloud.functions.v2.Function","name":"projects/organizador-de-campeonato/locations/us-central1/functions/onJogoUpdate","buildConfig":{"runtime":"nodejs22","entryPoint":"onJogoUpdate","source":{"storageSource":{"bucket":"gcf-v2-sources-574392149055-us-central1","object":"onJogoUpdate/function-source.zip","generation":"1775535487661115"}},"environmentVariables":{"GOOGLE_NODE_RUN_SCRIPTS":""},"dockerRepository":"projects/organizador-de-campeonato/locations/us-central1/repositories/gcf-artifacts","sourceProvenance":{"resolvedStorageSource":{"bucket":"gcf-v2-sources-574392149055-us-central1","object":"onJogoUpdate/function-source.zip","generation":"1775534519556448"}},"dockerRegistry":"ARTIFACT_REGISTRY","serviceAccount":"projects/organizador-de-campeonato/serviceAccounts/574392149055-compute@developer.gserviceaccount.com","automaticUpdatePolicy":{}},"serviceConfig":{"service":"projects/organizador-de-campeonato/locations/us-central1/services/onjogoupdate","timeoutSeconds":60,"environmentVariables":{"FIREBASE_CONFIG":"{\"projectId\":\"organizador-de-campeonato\",\"storageBucket\":\"organizador-de-campeonato.firebasestorage.app\"}","GCLOUD_PROJECT":"organizador-de-campeonato","EVENTARC_CLOUD_EVENT_SOURCE":"projects/organizador-de-campeonato/locations/us-central1/services/onJogoUpdate","FUNCTION_SIGNATURE_TYPE":"cloudevent","FUNCTION_TARGET":"onJogoUpdate","LOG_EXECUTION_ID":"true"},"ingressSettings":"ALLOW_ALL","uri":"https://onjogoupdate-3r6yq2xs2q-uc.a.run.app","serviceAccountEmail":"574392149055-compute@developer.gserviceaccount.com","availableMemory":"256Mi","allTrafficOnLatestRevision":true,"revision":"onjogoupdate-00003-xoc","maxInstanceRequestConcurrency":80,"availableCpu":"1"},"eventTrigger":{"trigger":"projects/organizador-de-campeonato/locations/nam5/triggers/onjogoupdate-719401","triggerRegion":"nam5","eventType":"google.cloud.firestore.document.v1.updated","eventFilters":[{"attribute":"database","value":"(default)"},{"attribute":"namespace","value":"(default)"},{"attribute":"document","value":"jogos/{jogoId}","operator":"match-path-pattern"}],"pubsubTopic":"projects/organizador-de-campeonato/topics/eventarc-nam5-onjogoupdate-719401-870","serviceAccountEmail":"574392149055-compute@developer.gserviceaccount.com","retryPolicy":"RETRY_POLICY_DO_NOT_RETRY"},"state":"ACTIVE","labels":{"deployment-tool":"cli-firebase","firebase-functions-hash":"bbf6a6004650fba9e5d3ea07c0e0952cb85253f9"},"environment":"GEN_2","url":"https://us-central1-organizador-de-campeonato.cloudfunctions.net/onJogoUpdate","satisfiesPzi":true},"stages":[{"name":"BUILD","message":"Build in progress","state":"IN_PROGRESS","resource":"projects/574392149055/locations/us-central1/builds/e180464b-e849-480f-b8ad-0eb059751fba","resourceUri":"https://console.cloud.google.com/cloud-build/builds;region=us-central1/e180464b-e849-480f-b8ad-0eb059751fba?project=574392149055"},{"name":"SERVICE","state":"NOT_STARTED"},{"name":"TRIGGER","state":"NOT_STARTED"}],"operationType":"UPDATE_FUNCTION","buildName":"projects/574392149055/locations/us-central1/builds/e180464b-e849-480f-b8ad-0eb059751fba"},"done":false}
[debug] [2026-04-07T04:18:39.489Z] [update-default-us-central1-onJogoUpdate] Retrying task index 0
[debug] [2026-04-07T04:18:39.489Z] Checked if tokens are valid: true, expires at: 1775537617593
[debug] [2026-04-07T04:18:39.490Z] Checked if tokens are valid: true, expires at: 1775537617593
[debug] [2026-04-07T04:18:39.490Z] >>> [apiv2][query] GET https://cloudfunctions.googleapis.com/v2/projects/organizador-de-campeonato/locations/us-central1/operations/operation-1775535486820-64ed711fa606c-d8dcd781-ba35ce7f [none]
[debug] [2026-04-07T04:18:40.618Z] <<< [apiv2][status] GET https://cloudfunctions.googleapis.com/v2/projects/organizador-de-campeonato/locations/us-central1/operations/operation-1775535486820-64ed711fa606c-d8dcd781-ba35ce7f 200
[debug] [2026-04-07T04:18:40.618Z] <<< [apiv2][body] GET https://cloudfunctions.googleapis.com/v2/projects/organizador-de-campeonato/locations/us-central1/operations/operation-1775535486820-64ed711fa606c-d8dcd781-ba35ce7f {"name":"projects/organizador-de-campeonato/locations/us-central1/operations/operation-1775535486820-64ed711fa606c-d8dcd781-ba35ce7f","metadata":{"@type":"type.googleapis.com/google.cloud.functions.v2.OperationMetadata","createTime":"2026-04-07T04:18:07.719939636Z","target":"projects/organizador-de-campeonato/locations/us-central1/functions/onJogoUpdate","verb":"update","cancelRequested":false,"apiVersion":"v2","requestResource":{"@type":"type.googleapis.com/google.cloud.functions.v2.Function","name":"projects/organizador-de-campeonato/locations/us-central1/functions/onJogoUpdate","buildConfig":{"runtime":"nodejs22","entryPoint":"onJogoUpdate","source":{"storageSource":{"bucket":"gcf-v2-sources-574392149055-us-central1","object":"onJogoUpdate/function-source.zip","generation":"1775535487661115"}},"environmentVariables":{"GOOGLE_NODE_RUN_SCRIPTS":""},"dockerRepository":"projects/organizador-de-campeonato/locations/us-central1/repositories/gcf-artifacts","sourceProvenance":{"resolvedStorageSource":{"bucket":"gcf-v2-sources-574392149055-us-central1","object":"onJogoUpdate/function-source.zip","generation":"1775534519556448"}},"dockerRegistry":"ARTIFACT_REGISTRY","serviceAccount":"projects/organizador-de-campeonato/serviceAccounts/574392149055-compute@developer.gserviceaccount.com","automaticUpdatePolicy":{}},"serviceConfig":{"service":"projects/organizador-de-campeonato/locations/us-central1/services/onjogoupdate","timeoutSeconds":60,"environmentVariables":{"FIREBASE_CONFIG":"{\"projectId\":\"organizador-de-campeonato\",\"storageBucket\":\"organizador-de-campeonato.firebasestorage.app\"}","GCLOUD_PROJECT":"organizador-de-campeonato","EVENTARC_CLOUD_EVENT_SOURCE":"projects/organizador-de-campeonato/locations/us-central1/services/onJogoUpdate","FUNCTION_SIGNATURE_TYPE":"cloudevent","FUNCTION_TARGET":"onJogoUpdate","LOG_EXECUTION_ID":"true"},"ingressSettings":"ALLOW_ALL","uri":"https://onjogoupdate-3r6yq2xs2q-uc.a.run.app","serviceAccountEmail":"574392149055-compute@developer.gserviceaccount.com","availableMemory":"256Mi","allTrafficOnLatestRevision":true,"revision":"onjogoupdate-00003-xoc","maxInstanceRequestConcurrency":80,"availableCpu":"1"},"eventTrigger":{"trigger":"projects/organizador-de-campeonato/locations/nam5/triggers/onjogoupdate-719401","triggerRegion":"nam5","eventType":"google.cloud.firestore.document.v1.updated","eventFilters":[{"attribute":"database","value":"(default)"},{"attribute":"namespace","value":"(default)"},{"attribute":"document","value":"jogos/{jogoId}","operator":"match-path-pattern"}],"pubsubTopic":"projects/organizador-de-campeonato/topics/eventarc-nam5-onjogoupdate-719401-870","serviceAccountEmail":"574392149055-compute@developer.gserviceaccount.com","retryPolicy":"RETRY_POLICY_DO_NOT_RETRY"},"state":"ACTIVE","labels":{"deployment-tool":"cli-firebase","firebase-functions-hash":"bbf6a6004650fba9e5d3ea07c0e0952cb85253f9"},"environment":"GEN_2","url":"https://us-central1-organizador-de-campeonato.cloudfunctions.net/onJogoUpdate","satisfiesPzi":true},"stages":[{"name":"BUILD","message":"Build in progress","state":"IN_PROGRESS","resource":"projects/574392149055/locations/us-central1/builds/e180464b-e849-480f-b8ad-0eb059751fba","resourceUri":"https://console.cloud.google.com/cloud-build/builds;region=us-central1/e180464b-e849-480f-b8ad-0eb059751fba?project=574392149055"},{"name":"SERVICE","state":"NOT_STARTED"},{"name":"TRIGGER","state":"NOT_STARTED"}],"operationType":"UPDATE_FUNCTION","buildName":"projects/574392149055/locations/us-central1/builds/e180464b-e849-480f-b8ad-0eb059751fba"},"done":false}
[debug] [2026-04-07T04:18:50.619Z] [update-default-us-central1-onJogoUpdate] Retrying task index 0
[debug] [2026-04-07T04:18:50.619Z] Checked if tokens are valid: true, expires at: 1775537617593
[debug] [2026-04-07T04:18:50.619Z] Checked if tokens are valid: true, expires at: 1775537617593
[debug] [2026-04-07T04:18:50.619Z] >>> [apiv2][query] GET https://cloudfunctions.googleapis.com/v2/projects/organizador-de-campeonato/locations/us-central1/operations/operation-1775535486820-64ed711fa606c-d8dcd781-ba35ce7f [none]
[debug] [2026-04-07T04:18:51.650Z] <<< [apiv2][status] GET https://cloudfunctions.googleapis.com/v2/projects/organizador-de-campeonato/locations/us-central1/operations/operation-1775535486820-64ed711fa606c-d8dcd781-ba35ce7f 200
[debug] [2026-04-07T04:18:51.650Z] <<< [apiv2][body] GET https://cloudfunctions.googleapis.com/v2/projects/organizador-de-campeonato/locations/us-central1/operations/operation-1775535486820-64ed711fa606c-d8dcd781-ba35ce7f {"name":"projects/organizador-de-campeonato/locations/us-central1/operations/operation-1775535486820-64ed711fa606c-d8dcd781-ba35ce7f","metadata":{"@type":"type.googleapis.com/google.cloud.functions.v2.OperationMetadata","createTime":"2026-04-07T04:18:07.719939636Z","target":"projects/organizador-de-campeonato/locations/us-central1/functions/onJogoUpdate","verb":"update","cancelRequested":false,"apiVersion":"v2","requestResource":{"@type":"type.googleapis.com/google.cloud.functions.v2.Function","name":"projects/organizador-de-campeonato/locations/us-central1/functions/onJogoUpdate","buildConfig":{"runtime":"nodejs22","entryPoint":"onJogoUpdate","source":{"storageSource":{"bucket":"gcf-v2-sources-574392149055-us-central1","object":"onJogoUpdate/function-source.zip","generation":"1775535487661115"}},"environmentVariables":{"GOOGLE_NODE_RUN_SCRIPTS":""},"dockerRepository":"projects/organizador-de-campeonato/locations/us-central1/repositories/gcf-artifacts","sourceProvenance":{"resolvedStorageSource":{"bucket":"gcf-v2-sources-574392149055-us-central1","object":"onJogoUpdate/function-source.zip","generation":"1775534519556448"}},"dockerRegistry":"ARTIFACT_REGISTRY","serviceAccount":"projects/organizador-de-campeonato/serviceAccounts/574392149055-compute@developer.gserviceaccount.com","automaticUpdatePolicy":{}},"serviceConfig":{"service":"projects/organizador-de-campeonato/locations/us-central1/services/onjogoupdate","timeoutSeconds":60,"environmentVariables":{"FIREBASE_CONFIG":"{\"projectId\":\"organizador-de-campeonato\",\"storageBucket\":\"organizador-de-campeonato.firebasestorage.app\"}","GCLOUD_PROJECT":"organizador-de-campeonato","EVENTARC_CLOUD_EVENT_SOURCE":"projects/organizador-de-campeonato/locations/us-central1/services/onJogoUpdate","FUNCTION_SIGNATURE_TYPE":"cloudevent","FUNCTION_TARGET":"onJogoUpdate","LOG_EXECUTION_ID":"true"},"ingressSettings":"ALLOW_ALL","uri":"https://onjogoupdate-3r6yq2xs2q-uc.a.run.app","serviceAccountEmail":"574392149055-compute@developer.gserviceaccount.com","availableMemory":"256Mi","allTrafficOnLatestRevision":true,"revision":"onjogoupdate-00003-xoc","maxInstanceRequestConcurrency":80,"availableCpu":"1"},"eventTrigger":{"trigger":"projects/organizador-de-campeonato/locations/nam5/triggers/onjogoupdate-719401","triggerRegion":"nam5","eventType":"google.cloud.firestore.document.v1.updated","eventFilters":[{"attribute":"database","value":"(default)"},{"attribute":"namespace","value":"(default)"},{"attribute":"document","value":"jogos/{jogoId}","operator":"match-path-pattern"}],"pubsubTopic":"projects/organizador-de-campeonato/topics/eventarc-nam5-onjogoupdate-719401-870","serviceAccountEmail":"574392149055-compute@developer.gserviceaccount.com","retryPolicy":"RETRY_POLICY_DO_NOT_RETRY"},"state":"ACTIVE","labels":{"deployment-tool":"cli-firebase","firebase-functions-hash":"bbf6a6004650fba9e5d3ea07c0e0952cb85253f9"},"environment":"GEN_2","url":"https://us-central1-organizador-de-campeonato.cloudfunctions.net/onJogoUpdate","satisfiesPzi":true},"stages":[{"name":"BUILD","message":"Build finished","state":"COMPLETE","resource":"projects/574392149055/locations/us-central1/builds/e180464b-e849-480f-b8ad-0eb059751fba","resourceUri":"https://console.cloud.google.com/cloud-build/builds;region=us-central1/e180464b-e849-480f-b8ad-0eb059751fba?project=574392149055"},{"name":"SERVICE","message":"Updating Cloud Run service","state":"IN_PROGRESS","resource":"projects/organizador-de-campeonato/locations/us-central1/services/onjogoupdate","resourceUri":"https://console.cloud.google.com/run/detail/us-central1/onjogoupdate?project=organizador-de-campeonato","stateMessages":[{"severity":"INFO","type":"CloudRunServiceNewRevisionTrafficInfo","message":"A new revision will be deployed serving with 100% traffic."}]},{"name":"TRIGGER","state":"NOT_STARTED"}],"sourceToken":"Cldwcm9qZWN0cy81NzQzOTIxNDkwNTUvbG9jYXRpb25zL3VzLWNlbnRyYWwxL2J1aWxkcy9lMTgwNDY0Yi1lODQ5LTQ4MGYtYjhhZC0wZWIwNTk3NTFmYmEShgF1cy1jZW50cmFsMS1kb2NrZXIucGtnLmRldi9vcmdhbml6YWRvci1kZS1jYW1wZW9uYXRvL2djZi1hcnRpZmFjdHMvb3JnYW5pemFkb3ItLWRlLS1jYW1wZW9uYXRvX191cy0tY2VudHJhbDFfX29uX2pvZ29fdXBkYXRlOnZlcnNpb25fMRi/yMLj2xAiT3Byb2plY3RzL29yZ2FuaXphZG9yLWRlLWNhbXBlb25hdG8vbG9jYXRpb25zL3VzLWNlbnRyYWwxL2Z1bmN0aW9ucy9vbkpvZ29VcGRhdGUqDAiki9LOBhCwk+q0AjIIbm9kZWpzMjI6dgojZ2NyLmlvL2dhZS1ydW50aW1lcy9ub2RlanMyMjpzdGFibGUST3VzLWNlbnRyYWwxLWRvY2tlci5wa2cuZGV2L3NlcnZlcmxlc3MtcnVudGltZXMvZ29vZ2xlLTIyLWZ1bGwvcnVudGltZXMvbm9kZWpzMjJAAQ==","operationType":"UPDATE_FUNCTION","buildName":"projects/574392149055/locations/us-central1/builds/e180464b-e849-480f-b8ad-0eb059751fba"},"done":false}
[debug] [2026-04-07T04:18:51.650Z] Got source token Cldwcm9qZWN0cy81NzQzOTIxNDkwNTUvbG9jYXRpb25zL3VzLWNlbnRyYWwxL2J1aWxkcy9lMTgwNDY0Yi1lODQ5LTQ4MGYtYjhhZC0wZWIwNTk3NTFmYmEShgF1cy1jZW50cmFsMS1kb2NrZXIucGtnLmRldi9vcmdhbml6YWRvci1kZS1jYW1wZW9uYXRvL2djZi1hcnRpZmFjdHMvb3JnYW5pemFkb3ItLWRlLS1jYW1wZW9uYXRvX191cy0tY2VudHJhbDFfX29uX2pvZ29fdXBkYXRlOnZlcnNpb25fMRi/yMLj2xAiT3Byb2plY3RzL29yZ2FuaXphZG9yLWRlLWNhbXBlb25hdG8vbG9jYXRpb25zL3VzLWNlbnRyYWwxL2Z1bmN0aW9ucy9vbkpvZ29VcGRhdGUqDAiki9LOBhCwk+q0AjIIbm9kZWpzMjI6dgojZ2NyLmlvL2dhZS1ydW50aW1lcy9ub2RlanMyMjpzdGFibGUST3VzLWNlbnRyYWwxLWRvY2tlci5wa2cuZGV2L3NlcnZlcmxlc3MtcnVudGltZXMvZ29vZ2xlLTIyLWZ1bGwvcnVudGltZXMvbm9kZWpzMjJAAQ== for region us-central1
[debug] [2026-04-07T04:18:51.650Z] Checked if tokens are valid: true, expires at: 1775537617593
[debug] [2026-04-07T04:18:51.650Z] Checked if tokens are valid: true, expires at: 1775537617593
[debug] [2026-04-07T04:18:51.651Z] >>> [apiv2][query] PATCH https://cloudfunctions.googleapis.com/v2/projects/organizador-de-campeonato/locations/us-central1/functions/onMataMataUpdate updateMask=name%2CbuildConfig.runtime%2CbuildConfig.entryPoint%2CbuildConfig.source.storageSource.bucket%2CbuildConfig.source.storageSource.object%2CbuildConfig.environmentVariables%2CbuildConfig.sourceToken%2CserviceConfig.environmentVariables%2CserviceConfig.ingressSettings%2CserviceConfig.timeoutSeconds%2CserviceConfig.serviceAccountEmail%2CserviceConfig.availableMemory%2CserviceConfig.minInstanceCount%2CserviceConfig.maxInstanceCount%2CserviceConfig.maxInstanceRequestConcurrency%2CserviceConfig.availableCpu%2CserviceConfig.vpcConnector%2CserviceConfig.vpcConnectorEgressSettings%2CserviceConfig.directVpcNetworkInterface%2CserviceConfig.directVpcEgress%2Clabels%2CeventTrigger.eventType%2CeventTrigger.retryPolicy%2CeventTrigger.eventFilters%2CeventTrigger.triggerRegion
[debug] [2026-04-07T04:18:51.651Z] >>> [apiv2][body] PATCH https://cloudfunctions.googleapis.com/v2/projects/organizador-de-campeonato/locations/us-central1/functions/onMataMataUpdate {"name":"projects/organizador-de-campeonato/locations/us-central1/functions/onMataMataUpdate","buildConfig":{"runtime":"nodejs22","entryPoint":"onMataMataUpdate","source":{"storageSource":{"bucket":"gcf-v2-uploads-574392149055.us-central1.cloudfunctions.appspot.com","object":"63088564-df24-48bc-861d-42f0736d3036.zip"}},"environmentVariables":{"GOOGLE_NODE_RUN_SCRIPTS":""},"sourceToken":"Cldwcm9qZWN0cy81NzQzOTIxNDkwNTUvbG9jYXRpb25zL3VzLWNlbnRyYWwxL2J1aWxkcy9lMTgwNDY0Yi1lODQ5LTQ4MGYtYjhhZC0wZWIwNTk3NTFmYmEShgF1cy1jZW50cmFsMS1kb2NrZXIucGtnLmRldi9vcmdhbml6YWRvci1kZS1jYW1wZW9uYXRvL2djZi1hcnRpZmFjdHMvb3JnYW5pemFkb3ItLWRlLS1jYW1wZW9uYXRvX191cy0tY2VudHJhbDFfX29uX2pvZ29fdXBkYXRlOnZlcnNpb25fMRi/yMLj2xAiT3Byb2plY3RzL29yZ2FuaXphZG9yLWRlLWNhbXBlb25hdG8vbG9jYXRpb25zL3VzLWNlbnRyYWwxL2Z1bmN0aW9ucy9vbkpvZ29VcGRhdGUqDAiki9LOBhCwk+q0AjIIbm9kZWpzMjI6dgojZ2NyLmlvL2dhZS1ydW50aW1lcy9ub2RlanMyMjpzdGFibGUST3VzLWNlbnRyYWwxLWRvY2tlci5wa2cuZGV2L3NlcnZlcmxlc3MtcnVudGltZXMvZ29vZ2xlLTIyLWZ1bGwvcnVudGltZXMvbm9kZWpzMjJAAQ=="},"serviceConfig":{"environmentVariables":{"FIREBASE_CONFIG":"{\"projectId\":\"organizador-de-campeonato\",\"storageBucket\":\"organizador-de-campeonato.firebasestorage.app\"}","GCLOUD_PROJECT":"organizador-de-campeonato","EVENTARC_CLOUD_EVENT_SOURCE":"projects/organizador-de-campeonato/locations/us-central1/services/onMataMataUpdate","FUNCTION_SIGNATURE_TYPE":"cloudevent","FUNCTION_TARGET":"onMataMataUpdate","LOG_EXECUTION_ID":"true"},"ingressSettings":null,"timeoutSeconds":null,"serviceAccountEmail":null,"availableMemory":"256Mi","minInstanceCount":null,"maxInstanceCount":null,"maxInstanceRequestConcurrency":80,"availableCpu":"1","vpcConnector":null,"vpcConnectorEgressSettings":null,"directVpcNetworkInterface":null,"directVpcEgress":null},"labels":{"deployment-tool":"cli-firebase","firebase-functions-hash":"bbf6a6004650fba9e5d3ea07c0e0952cb85253f9"},"eventTrigger":{"eventType":"google.cloud.firestore.document.v1.updated","retryPolicy":"RETRY_POLICY_DO_NOT_RETRY","eventFilters":[{"attribute":"database","value":"(default)"},{"attribute":"namespace","value":"(default)"},{"attribute":"document","value":"mata_mata/{matchId}","operator":"match-path-pattern"}],"triggerRegion":"nam5"}}
[debug] [2026-04-07T04:18:53.524Z] <<< [apiv2][status] PATCH https://cloudfunctions.googleapis.com/v2/projects/organizador-de-campeonato/locations/us-central1/functions/onMataMataUpdate 200
[debug] [2026-04-07T04:18:53.524Z] <<< [apiv2][body] PATCH https://cloudfunctions.googleapis.com/v2/projects/organizador-de-campeonato/locations/us-central1/functions/onMataMataUpdate {"name":"projects/organizador-de-campeonato/locations/us-central1/operations/operation-1775535532488-64ed714b337b6-e815b512-5649a985","metadata":{"@type":"type.googleapis.com/google.cloud.functions.v2.OperationMetadata","createTime":"2026-04-07T04:18:53.394669186Z","target":"projects/organizador-de-campeonato/locations/us-central1/functions/onMataMataUpdate","verb":"update","cancelRequested":false,"apiVersion":"v2"},"done":false}
[debug] [2026-04-07T04:18:53.524Z] Checked if tokens are valid: true, expires at: 1775537617593
[debug] [2026-04-07T04:18:53.524Z] Checked if tokens are valid: true, expires at: 1775537617593
[debug] [2026-04-07T04:18:53.524Z] >>> [apiv2][query] GET https://cloudfunctions.googleapis.com/v2/projects/organizador-de-campeonato/locations/us-central1/operations/operation-1775535532488-64ed714b337b6-e815b512-5649a985 [none]
[debug] [2026-04-07T04:18:54.471Z] <<< [apiv2][status] GET https://cloudfunctions.googleapis.com/v2/projects/organizador-de-campeonato/locations/us-central1/operations/operation-1775535532488-64ed714b337b6-e815b512-5649a985 200
[debug] [2026-04-07T04:18:54.471Z] <<< [apiv2][body] GET https://cloudfunctions.googleapis.com/v2/projects/organizador-de-campeonato/locations/us-central1/operations/operation-1775535532488-64ed714b337b6-e815b512-5649a985 {"name":"projects/organizador-de-campeonato/locations/us-central1/operations/operation-1775535532488-64ed714b337b6-e815b512-5649a985","metadata":{"@type":"type.googleapis.com/google.cloud.functions.v2.OperationMetadata","createTime":"2026-04-07T04:18:53.394669186Z","target":"projects/organizador-de-campeonato/locations/us-central1/functions/onMataMataUpdate","verb":"update","cancelRequested":false,"apiVersion":"v2","requestResource":{"@type":"type.googleapis.com/google.cloud.functions.v2.Function","name":"projects/organizador-de-campeonato/locations/us-central1/functions/onMataMataUpdate","buildConfig":{"runtime":"nodejs22","entryPoint":"onMataMataUpdate","source":{"storageSource":{"bucket":"gcf-v2-sources-574392149055-us-central1","object":"onMataMataUpdate/function-source.zip","generation":"1775535533340975"}},"environmentVariables":{"GOOGLE_NODE_RUN_SCRIPTS":""},"dockerRepository":"projects/organizador-de-campeonato/locations/us-central1/repositories/gcf-artifacts","sourceProvenance":{"resolvedStorageSource":{"bucket":"gcf-v2-sources-574392149055-us-central1","object":"onMataMataUpdate/function-source.zip","generation":"1775534575952056"}},"dockerRegistry":"ARTIFACT_REGISTRY","sourceToken":"Cldwcm9qZWN0cy81NzQzOTIxNDkwNTUvbG9jYXRpb25zL3VzLWNlbnRyYWwxL2J1aWxkcy9lMTgwNDY0Yi1lODQ5LTQ4MGYtYjhhZC0wZWIwNTk3NTFmYmEShgF1cy1jZW50cmFsMS1kb2NrZXIucGtnLmRldi9vcmdhbml6YWRvci1kZS1jYW1wZW9uYXRvL2djZi1hcnRpZmFjdHMvb3JnYW5pemFkb3ItLWRlLS1jYW1wZW9uYXRvX191cy0tY2VudHJhbDFfX29uX2pvZ29fdXBkYXRlOnZlcnNpb25fMRi/yMLj2xAiT3Byb2plY3RzL29yZ2FuaXphZG9yLWRlLWNhbXBlb25hdG8vbG9jYXRpb25zL3VzLWNlbnRyYWwxL2Z1bmN0aW9ucy9vbkpvZ29VcGRhdGUqDAiki9LOBhCwk+q0AjIIbm9kZWpzMjI6dgojZ2NyLmlvL2dhZS1ydW50aW1lcy9ub2RlanMyMjpzdGFibGUST3VzLWNlbnRyYWwxLWRvY2tlci5wa2cuZGV2L3NlcnZlcmxlc3MtcnVudGltZXMvZ29vZ2xlLTIyLWZ1bGwvcnVudGltZXMvbm9kZWpzMjJAAQ==","serviceAccount":"projects/organizador-de-campeonato/serviceAccounts/574392149055-compute@developer.gserviceaccount.com","automaticUpdatePolicy":{}},"serviceConfig":{"service":"projects/organizador-de-campeonato/locations/us-central1/services/onmatamataupdate","timeoutSeconds":60,"environmentVariables":{"FIREBASE_CONFIG":"{\"projectId\":\"organizador-de-campeonato\",\"storageBucket\":\"organizador-de-campeonato.firebasestorage.app\"}","GCLOUD_PROJECT":"organizador-de-campeonato","EVENTARC_CLOUD_EVENT_SOURCE":"projects/organizador-de-campeonato/locations/us-central1/services/onMataMataUpdate","FUNCTION_SIGNATURE_TYPE":"cloudevent","FUNCTION_TARGET":"onMataMataUpdate","LOG_EXECUTION_ID":"true"},"ingressSettings":"ALLOW_ALL","uri":"https://onmatamataupdate-3r6yq2xs2q-uc.a.run.app","serviceAccountEmail":"574392149055-compute@developer.gserviceaccount.com","availableMemory":"256Mi","allTrafficOnLatestRevision":true,"revision":"onmatamataupdate-00003-rij","maxInstanceRequestConcurrency":80,"availableCpu":"1"},"eventTrigger":{"trigger":"projects/organizador-de-campeonato/locations/nam5/triggers/onmatamataupdate-291532","triggerRegion":"nam5","eventType":"google.cloud.firestore.document.v1.updated","eventFilters":[{"attribute":"database","value":"(default)"},{"attribute":"namespace","value":"(default)"},{"attribute":"document","value":"mata_mata/{matchId}","operator":"match-path-pattern"}],"pubsubTopic":"projects/organizador-de-campeonato/topics/eventarc-nam5-onmatamataupdate-291532-198","serviceAccountEmail":"574392149055-compute@developer.gserviceaccount.com","retryPolicy":"RETRY_POLICY_DO_NOT_RETRY"},"state":"ACTIVE","labels":{"deployment-tool":"cli-firebase","firebase-functions-hash":"bbf6a6004650fba9e5d3ea07c0e0952cb85253f9"},"environment":"GEN_2","url":"https://us-central1-organizador-de-campeonato.cloudfunctions.net/onMataMataUpdate","satisfiesPzi":true},"stages":[{"name":"BUILD","message":"Reusing build","state":"COMPLETE","resource":"projects/574392149055/locations/us-central1/builds/e180464b-e849-480f-b8ad-0eb059751fba"},{"name":"SERVICE","message":"Updating Cloud Run service","state":"IN_PROGRESS","resource":"projects/organizador-de-campeonato/locations/us-central1/services/onmatamataupdate","resourceUri":"https://console.cloud.google.com/run/detail/us-central1/onmatamataupdate?project=organizador-de-campeonato","stateMessages":[{"severity":"INFO","type":"CloudRunServiceNewRevisionTrafficInfo","message":"A new revision will be deployed serving with 100% traffic."}]},{"name":"TRIGGER","state":"NOT_STARTED"}],"sourceToken":"Cldwcm9qZWN0cy81NzQzOTIxNDkwNTUvbG9jYXRpb25zL3VzLWNlbnRyYWwxL2J1aWxkcy9lMTgwNDY0Yi1lODQ5LTQ4MGYtYjhhZC0wZWIwNTk3NTFmYmEShgF1cy1jZW50cmFsMS1kb2NrZXIucGtnLmRldi9vcmdhbml6YWRvci1kZS1jYW1wZW9uYXRvL2djZi1hcnRpZmFjdHMvb3JnYW5pemFkb3ItLWRlLS1jYW1wZW9uYXRvX191cy0tY2VudHJhbDFfX29uX2pvZ29fdXBkYXRlOnZlcnNpb25fMRi/yMLj2xAiT3Byb2plY3RzL29yZ2FuaXphZG9yLWRlLWNhbXBlb25hdG8vbG9jYXRpb25zL3VzLWNlbnRyYWwxL2Z1bmN0aW9ucy9vbkpvZ29VcGRhdGUqDAiki9LOBhCwk+q0AjIIbm9kZWpzMjI6dgojZ2NyLmlvL2dhZS1ydW50aW1lcy9ub2RlanMyMjpzdGFibGUST3VzLWNlbnRyYWwxLWRvY2tlci5wa2cuZGV2L3NlcnZlcmxlc3MtcnVudGltZXMvZ29vZ2xlLTIyLWZ1bGwvcnVudGltZXMvbm9kZWpzMjJAAQ==","operationType":"UPDATE_FUNCTION","buildName":"projects/574392149055/locations/us-central1/builds/e180464b-e849-480f-b8ad-0eb059751fba"},"done":false}
[debug] [2026-04-07T04:18:54.471Z] Got source token Cldwcm9qZWN0cy81NzQzOTIxNDkwNTUvbG9jYXRpb25zL3VzLWNlbnRyYWwxL2J1aWxkcy9lMTgwNDY0Yi1lODQ5LTQ4MGYtYjhhZC0wZWIwNTk3NTFmYmEShgF1cy1jZW50cmFsMS1kb2NrZXIucGtnLmRldi9vcmdhbml6YWRvci1kZS1jYW1wZW9uYXRvL2djZi1hcnRpZmFjdHMvb3JnYW5pemFkb3ItLWRlLS1jYW1wZW9uYXRvX191cy0tY2VudHJhbDFfX29uX2pvZ29fdXBkYXRlOnZlcnNpb25fMRi/yMLj2xAiT3Byb2plY3RzL29yZ2FuaXphZG9yLWRlLWNhbXBlb25hdG8vbG9jYXRpb25zL3VzLWNlbnRyYWwxL2Z1bmN0aW9ucy9vbkpvZ29VcGRhdGUqDAiki9LOBhCwk+q0AjIIbm9kZWpzMjI6dgojZ2NyLmlvL2dhZS1ydW50aW1lcy9ub2RlanMyMjpzdGFibGUST3VzLWNlbnRyYWwxLWRvY2tlci5wa2cuZGV2L3NlcnZlcmxlc3MtcnVudGltZXMvZ29vZ2xlLTIyLWZ1bGwvcnVudGltZXMvbm9kZWpzMjJAAQ== for region us-central1
[debug] [2026-04-07T04:18:54.974Z] [update-default-us-central1-onMataMataUpdate] Retrying task index 0
[debug] [2026-04-07T04:18:54.974Z] Checked if tokens are valid: true, expires at: 1775537617593
[debug] [2026-04-07T04:18:54.975Z] Checked if tokens are valid: true, expires at: 1775537617593
[debug] [2026-04-07T04:18:54.975Z] >>> [apiv2][query] GET https://cloudfunctions.googleapis.com/v2/projects/organizador-de-campeonato/locations/us-central1/operations/operation-1775535532488-64ed714b337b6-e815b512-5649a985 [none]
[debug] [2026-04-07T04:18:55.911Z] <<< [apiv2][status] GET https://cloudfunctions.googleapis.com/v2/projects/organizador-de-campeonato/locations/us-central1/operations/operation-1775535532488-64ed714b337b6-e815b512-5649a985 200
[debug] [2026-04-07T04:18:55.911Z] <<< [apiv2][body] GET https://cloudfunctions.googleapis.com/v2/projects/organizador-de-campeonato/locations/us-central1/operations/operation-1775535532488-64ed714b337b6-e815b512-5649a985 {"name":"projects/organizador-de-campeonato/locations/us-central1/operations/operation-1775535532488-64ed714b337b6-e815b512-5649a985","metadata":{"@type":"type.googleapis.com/google.cloud.functions.v2.OperationMetadata","createTime":"2026-04-07T04:18:53.394669186Z","target":"projects/organizador-de-campeonato/locations/us-central1/functions/onMataMataUpdate","verb":"update","cancelRequested":false,"apiVersion":"v2","requestResource":{"@type":"type.googleapis.com/google.cloud.functions.v2.Function","name":"projects/organizador-de-campeonato/locations/us-central1/functions/onMataMataUpdate","buildConfig":{"runtime":"nodejs22","entryPoint":"onMataMataUpdate","source":{"storageSource":{"bucket":"gcf-v2-sources-574392149055-us-central1","object":"onMataMataUpdate/function-source.zip","generation":"1775535533340975"}},"environmentVariables":{"GOOGLE_NODE_RUN_SCRIPTS":""},"dockerRepository":"projects/organizador-de-campeonato/locations/us-central1/repositories/gcf-artifacts","sourceProvenance":{"resolvedStorageSource":{"bucket":"gcf-v2-sources-574392149055-us-central1","object":"onMataMataUpdate/function-source.zip","generation":"1775534575952056"}},"dockerRegistry":"ARTIFACT_REGISTRY","sourceToken":"Cldwcm9qZWN0cy81NzQzOTIxNDkwNTUvbG9jYXRpb25zL3VzLWNlbnRyYWwxL2J1aWxkcy9lMTgwNDY0Yi1lODQ5LTQ4MGYtYjhhZC0wZWIwNTk3NTFmYmEShgF1cy1jZW50cmFsMS1kb2NrZXIucGtnLmRldi9vcmdhbml6YWRvci1kZS1jYW1wZW9uYXRvL2djZi1hcnRpZmFjdHMvb3JnYW5pemFkb3ItLWRlLS1jYW1wZW9uYXRvX191cy0tY2VudHJhbDFfX29uX2pvZ29fdXBkYXRlOnZlcnNpb25fMRi/yMLj2xAiT3Byb2plY3RzL29yZ2FuaXphZG9yLWRlLWNhbXBlb25hdG8vbG9jYXRpb25zL3VzLWNlbnRyYWwxL2Z1bmN0aW9ucy9vbkpvZ29VcGRhdGUqDAiki9LOBhCwk+q0AjIIbm9kZWpzMjI6dgojZ2NyLmlvL2dhZS1ydW50aW1lcy9ub2RlanMyMjpzdGFibGUST3VzLWNlbnRyYWwxLWRvY2tlci5wa2cuZGV2L3NlcnZlcmxlc3MtcnVudGltZXMvZ29vZ2xlLTIyLWZ1bGwvcnVudGltZXMvbm9kZWpzMjJAAQ==","serviceAccount":"projects/organizador-de-campeonato/serviceAccounts/574392149055-compute@developer.gserviceaccount.com","automaticUpdatePolicy":{}},"serviceConfig":{"service":"projects/organizador-de-campeonato/locations/us-central1/services/onmatamataupdate","timeoutSeconds":60,"environmentVariables":{"FIREBASE_CONFIG":"{\"projectId\":\"organizador-de-campeonato\",\"storageBucket\":\"organizador-de-campeonato.firebasestorage.app\"}","GCLOUD_PROJECT":"organizador-de-campeonato","EVENTARC_CLOUD_EVENT_SOURCE":"projects/organizador-de-campeonato/locations/us-central1/services/onMataMataUpdate","FUNCTION_SIGNATURE_TYPE":"cloudevent","FUNCTION_TARGET":"onMataMataUpdate","LOG_EXECUTION_ID":"true"},"ingressSettings":"ALLOW_ALL","uri":"https://onmatamataupdate-3r6yq2xs2q-uc.a.run.app","serviceAccountEmail":"574392149055-compute@developer.gserviceaccount.com","availableMemory":"256Mi","allTrafficOnLatestRevision":true,"revision":"onmatamataupdate-00003-rij","maxInstanceRequestConcurrency":80,"availableCpu":"1"},"eventTrigger":{"trigger":"projects/organizador-de-campeonato/locations/nam5/triggers/onmatamataupdate-291532","triggerRegion":"nam5","eventType":"google.cloud.firestore.document.v1.updated","eventFilters":[{"attribute":"database","value":"(default)"},{"attribute":"namespace","value":"(default)"},{"attribute":"document","value":"mata_mata/{matchId}","operator":"match-path-pattern"}],"pubsubTopic":"projects/organizador-de-campeonato/topics/eventarc-nam5-onmatamataupdate-291532-198","serviceAccountEmail":"574392149055-compute@developer.gserviceaccount.com","retryPolicy":"RETRY_POLICY_DO_NOT_RETRY"},"state":"ACTIVE","labels":{"deployment-tool":"cli-firebase","firebase-functions-hash":"bbf6a6004650fba9e5d3ea07c0e0952cb85253f9"},"environment":"GEN_2","url":"https://us-central1-organizador-de-campeonato.cloudfunctions.net/onMataMataUpdate","satisfiesPzi":true},"stages":[{"name":"BUILD","message":"Reusing build","state":"COMPLETE","resource":"projects/574392149055/locations/us-central1/builds/e180464b-e849-480f-b8ad-0eb059751fba"},{"name":"SERVICE","message":"Updating Cloud Run service","state":"IN_PROGRESS","resource":"projects/organizador-de-campeonato/locations/us-central1/services/onmatamataupdate","resourceUri":"https://console.cloud.google.com/run/detail/us-central1/onmatamataupdate?project=organizador-de-campeonato","stateMessages":[{"severity":"INFO","type":"CloudRunServiceNewRevisionTrafficInfo","message":"A new revision will be deployed serving with 100% traffic."}]},{"name":"TRIGGER","state":"NOT_STARTED"}],"sourceToken":"Cldwcm9qZWN0cy81NzQzOTIxNDkwNTUvbG9jYXRpb25zL3VzLWNlbnRyYWwxL2J1aWxkcy9lMTgwNDY0Yi1lODQ5LTQ4MGYtYjhhZC0wZWIwNTk3NTFmYmEShgF1cy1jZW50cmFsMS1kb2NrZXIucGtnLmRldi9vcmdhbml6YWRvci1kZS1jYW1wZW9uYXRvL2djZi1hcnRpZmFjdHMvb3JnYW5pemFkb3ItLWRlLS1jYW1wZW9uYXRvX191cy0tY2VudHJhbDFfX29uX2pvZ29fdXBkYXRlOnZlcnNpb25fMRi/yMLj2xAiT3Byb2plY3RzL29yZ2FuaXphZG9yLWRlLWNhbXBlb25hdG8vbG9jYXRpb25zL3VzLWNlbnRyYWwxL2Z1bmN0aW9ucy9vbkpvZ29VcGRhdGUqDAiki9LOBhCwk+q0AjIIbm9kZWpzMjI6dgojZ2NyLmlvL2dhZS1ydW50aW1lcy9ub2RlanMyMjpzdGFibGUST3VzLWNlbnRyYWwxLWRvY2tlci5wa2cuZGV2L3NlcnZlcmxlc3MtcnVudGltZXMvZ29vZ2xlLTIyLWZ1bGwvcnVudGltZXMvbm9kZWpzMjJAAQ==","operationType":"UPDATE_FUNCTION","buildName":"projects/574392149055/locations/us-central1/builds/e180464b-e849-480f-b8ad-0eb059751fba"},"done":false}
[debug] [2026-04-07T04:18:55.911Z] Got source token Cldwcm9qZWN0cy81NzQzOTIxNDkwNTUvbG9jYXRpb25zL3VzLWNlbnRyYWwxL2J1aWxkcy9lMTgwNDY0Yi1lODQ5LTQ4MGYtYjhhZC0wZWIwNTk3NTFmYmEShgF1cy1jZW50cmFsMS1kb2NrZXIucGtnLmRldi9vcmdhbml6YWRvci1kZS1jYW1wZW9uYXRvL2djZi1hcnRpZmFjdHMvb3JnYW5pemFkb3ItLWRlLS1jYW1wZW9uYXRvX191cy0tY2VudHJhbDFfX29uX2pvZ29fdXBkYXRlOnZlcnNpb25fMRi/yMLj2xAiT3Byb2plY3RzL29yZ2FuaXphZG9yLWRlLWNhbXBlb25hdG8vbG9jYXRpb25zL3VzLWNlbnRyYWwxL2Z1bmN0aW9ucy9vbkpvZ29VcGRhdGUqDAiki9LOBhCwk+q0AjIIbm9kZWpzMjI6dgojZ2NyLmlvL2dhZS1ydW50aW1lcy9ub2RlanMyMjpzdGFibGUST3VzLWNlbnRyYWwxLWRvY2tlci5wa2cuZGV2L3NlcnZlcmxlc3MtcnVudGltZXMvZ29vZ2xlLTIyLWZ1bGwvcnVudGltZXMvbm9kZWpzMjJAAQ== for region us-central1
[debug] [2026-04-07T04:18:56.917Z] [update-default-us-central1-onMataMataUpdate] Retrying task index 0
[debug] [2026-04-07T04:18:56.917Z] Checked if tokens are valid: true, expires at: 1775537617593
[debug] [2026-04-07T04:18:56.917Z] Checked if tokens are valid: true, expires at: 1775537617593
[debug] [2026-04-07T04:18:56.917Z] >>> [apiv2][query] GET https://cloudfunctions.googleapis.com/v2/projects/organizador-de-campeonato/locations/us-central1/operations/operation-1775535532488-64ed714b337b6-e815b512-5649a985 [none]
[debug] [2026-04-07T04:18:57.856Z] <<< [apiv2][status] GET https://cloudfunctions.googleapis.com/v2/projects/organizador-de-campeonato/locations/us-central1/operations/operation-1775535532488-64ed714b337b6-e815b512-5649a985 200
[debug] [2026-04-07T04:18:57.856Z] <<< [apiv2][body] GET https://cloudfunctions.googleapis.com/v2/projects/organizador-de-campeonato/locations/us-central1/operations/operation-1775535532488-64ed714b337b6-e815b512-5649a985 {"name":"projects/organizador-de-campeonato/locations/us-central1/operations/operation-1775535532488-64ed714b337b6-e815b512-5649a985","metadata":{"@type":"type.googleapis.com/google.cloud.functions.v2.OperationMetadata","createTime":"2026-04-07T04:18:53.394669186Z","target":"projects/organizador-de-campeonato/locations/us-central1/functions/onMataMataUpdate","verb":"update","cancelRequested":false,"apiVersion":"v2","requestResource":{"@type":"type.googleapis.com/google.cloud.functions.v2.Function","name":"projects/organizador-de-campeonato/locations/us-central1/functions/onMataMataUpdate","buildConfig":{"runtime":"nodejs22","entryPoint":"onMataMataUpdate","source":{"storageSource":{"bucket":"gcf-v2-sources-574392149055-us-central1","object":"onMataMataUpdate/function-source.zip","generation":"1775535533340975"}},"environmentVariables":{"GOOGLE_NODE_RUN_SCRIPTS":""},"dockerRepository":"projects/organizador-de-campeonato/locations/us-central1/repositories/gcf-artifacts","sourceProvenance":{"resolvedStorageSource":{"bucket":"gcf-v2-sources-574392149055-us-central1","object":"onMataMataUpdate/function-source.zip","generation":"1775534575952056"}},"dockerRegistry":"ARTIFACT_REGISTRY","sourceToken":"Cldwcm9qZWN0cy81NzQzOTIxNDkwNTUvbG9jYXRpb25zL3VzLWNlbnRyYWwxL2J1aWxkcy9lMTgwNDY0Yi1lODQ5LTQ4MGYtYjhhZC0wZWIwNTk3NTFmYmEShgF1cy1jZW50cmFsMS1kb2NrZXIucGtnLmRldi9vcmdhbml6YWRvci1kZS1jYW1wZW9uYXRvL2djZi1hcnRpZmFjdHMvb3JnYW5pemFkb3ItLWRlLS1jYW1wZW9uYXRvX191cy0tY2VudHJhbDFfX29uX2pvZ29fdXBkYXRlOnZlcnNpb25fMRi/yMLj2xAiT3Byb2plY3RzL29yZ2FuaXphZG9yLWRlLWNhbXBlb25hdG8vbG9jYXRpb25zL3VzLWNlbnRyYWwxL2Z1bmN0aW9ucy9vbkpvZ29VcGRhdGUqDAiki9LOBhCwk+q0AjIIbm9kZWpzMjI6dgojZ2NyLmlvL2dhZS1ydW50aW1lcy9ub2RlanMyMjpzdGFibGUST3VzLWNlbnRyYWwxLWRvY2tlci5wa2cuZGV2L3NlcnZlcmxlc3MtcnVudGltZXMvZ29vZ2xlLTIyLWZ1bGwvcnVudGltZXMvbm9kZWpzMjJAAQ==","serviceAccount":"projects/organizador-de-campeonato/serviceAccounts/574392149055-compute@developer.gserviceaccount.com","automaticUpdatePolicy":{}},"serviceConfig":{"service":"projects/organizador-de-campeonato/locations/us-central1/services/onmatamataupdate","timeoutSeconds":60,"environmentVariables":{"FIREBASE_CONFIG":"{\"projectId\":\"organizador-de-campeonato\",\"storageBucket\":\"organizador-de-campeonato.firebasestorage.app\"}","GCLOUD_PROJECT":"organizador-de-campeonato","EVENTARC_CLOUD_EVENT_SOURCE":"projects/organizador-de-campeonato/locations/us-central1/services/onMataMataUpdate","FUNCTION_SIGNATURE_TYPE":"cloudevent","FUNCTION_TARGET":"onMataMataUpdate","LOG_EXECUTION_ID":"true"},"ingressSettings":"ALLOW_ALL","uri":"https://onmatamataupdate-3r6yq2xs2q-uc.a.run.app","serviceAccountEmail":"574392149055-compute@developer.gserviceaccount.com","availableMemory":"256Mi","allTrafficOnLatestRevision":true,"revision":"onmatamataupdate-00003-rij","maxInstanceRequestConcurrency":80,"availableCpu":"1"},"eventTrigger":{"trigger":"projects/organizador-de-campeonato/locations/nam5/triggers/onmatamataupdate-291532","triggerRegion":"nam5","eventType":"google.cloud.firestore.document.v1.updated","eventFilters":[{"attribute":"database","value":"(default)"},{"attribute":"namespace","value":"(default)"},{"attribute":"document","value":"mata_mata/{matchId}","operator":"match-path-pattern"}],"pubsubTopic":"projects/organizador-de-campeonato/topics/eventarc-nam5-onmatamataupdate-291532-198","serviceAccountEmail":"574392149055-compute@developer.gserviceaccount.com","retryPolicy":"RETRY_POLICY_DO_NOT_RETRY"},"state":"ACTIVE","labels":{"deployment-tool":"cli-firebase","firebase-functions-hash":"bbf6a6004650fba9e5d3ea07c0e0952cb85253f9"},"environment":"GEN_2","url":"https://us-central1-organizador-de-campeonato.cloudfunctions.net/onMataMataUpdate","satisfiesPzi":true},"stages":[{"name":"BUILD","message":"Reusing build","state":"COMPLETE","resource":"projects/574392149055/locations/us-central1/builds/e180464b-e849-480f-b8ad-0eb059751fba"},{"name":"SERVICE","message":"Updating Cloud Run service","state":"IN_PROGRESS","resource":"projects/organizador-de-campeonato/locations/us-central1/services/onmatamataupdate","resourceUri":"https://console.cloud.google.com/run/detail/us-central1/onmatamataupdate?project=organizador-de-campeonato","stateMessages":[{"severity":"INFO","type":"CloudRunServiceNewRevisionTrafficInfo","message":"A new revision will be deployed serving with 100% traffic."}]},{"name":"TRIGGER","state":"NOT_STARTED"}],"sourceToken":"Cldwcm9qZWN0cy81NzQzOTIxNDkwNTUvbG9jYXRpb25zL3VzLWNlbnRyYWwxL2J1aWxkcy9lMTgwNDY0Yi1lODQ5LTQ4MGYtYjhhZC0wZWIwNTk3NTFmYmEShgF1cy1jZW50cmFsMS1kb2NrZXIucGtnLmRldi9vcmdhbml6YWRvci1kZS1jYW1wZW9uYXRvL2djZi1hcnRpZmFjdHMvb3JnYW5pemFkb3ItLWRlLS1jYW1wZW9uYXRvX191cy0tY2VudHJhbDFfX29uX2pvZ29fdXBkYXRlOnZlcnNpb25fMRi/yMLj2xAiT3Byb2plY3RzL29yZ2FuaXphZG9yLWRlLWNhbXBlb25hdG8vbG9jYXRpb25zL3VzLWNlbnRyYWwxL2Z1bmN0aW9ucy9vbkpvZ29VcGRhdGUqDAiki9LOBhCwk+q0AjIIbm9kZWpzMjI6dgojZ2NyLmlvL2dhZS1ydW50aW1lcy9ub2RlanMyMjpzdGFibGUST3VzLWNlbnRyYWwxLWRvY2tlci5wa2cuZGV2L3NlcnZlcmxlc3MtcnVudGltZXMvZ29vZ2xlLTIyLWZ1bGwvcnVudGltZXMvbm9kZWpzMjJAAQ==","operationType":"UPDATE_FUNCTION","buildName":"projects/574392149055/locations/us-central1/builds/e180464b-e849-480f-b8ad-0eb059751fba"},"done":false}
[debug] [2026-04-07T04:18:57.856Z] Got source token Cldwcm9qZWN0cy81NzQzOTIxNDkwNTUvbG9jYXRpb25zL3VzLWNlbnRyYWwxL2J1aWxkcy9lMTgwNDY0Yi1lODQ5LTQ4MGYtYjhhZC0wZWIwNTk3NTFmYmEShgF1cy1jZW50cmFsMS1kb2NrZXIucGtnLmRldi9vcmdhbml6YWRvci1kZS1jYW1wZW9uYXRvL2djZi1hcnRpZmFjdHMvb3JnYW5pemFkb3ItLWRlLS1jYW1wZW9uYXRvX191cy0tY2VudHJhbDFfX29uX2pvZ29fdXBkYXRlOnZlcnNpb25fMRi/yMLj2xAiT3Byb2plY3RzL29yZ2FuaXphZG9yLWRlLWNhbXBlb25hdG8vbG9jYXRpb25zL3VzLWNlbnRyYWwxL2Z1bmN0aW9ucy9vbkpvZ29VcGRhdGUqDAiki9LOBhCwk+q0AjIIbm9kZWpzMjI6dgojZ2NyLmlvL2dhZS1ydW50aW1lcy9ub2RlanMyMjpzdGFibGUST3VzLWNlbnRyYWwxLWRvY2tlci5wa2cuZGV2L3NlcnZlcmxlc3MtcnVudGltZXMvZ29vZ2xlLTIyLWZ1bGwvcnVudGltZXMvbm9kZWpzMjJAAQ== for region us-central1
[debug] [2026-04-07T04:18:59.862Z] [update-default-us-central1-onMataMataUpdate] Retrying task index 0
[debug] [2026-04-07T04:18:59.862Z] Checked if tokens are valid: true, expires at: 1775537617593
[debug] [2026-04-07T04:18:59.863Z] Checked if tokens are valid: true, expires at: 1775537617593
[debug] [2026-04-07T04:18:59.863Z] >>> [apiv2][query] GET https://cloudfunctions.googleapis.com/v2/projects/organizador-de-campeonato/locations/us-central1/operations/operation-1775535532488-64ed714b337b6-e815b512-5649a985 [none]
[debug] [2026-04-07T04:19:00.780Z] <<< [apiv2][status] GET https://cloudfunctions.googleapis.com/v2/projects/organizador-de-campeonato/locations/us-central1/operations/operation-1775535532488-64ed714b337b6-e815b512-5649a985 200
[debug] [2026-04-07T04:19:00.780Z] <<< [apiv2][body] GET https://cloudfunctions.googleapis.com/v2/projects/organizador-de-campeonato/locations/us-central1/operations/operation-1775535532488-64ed714b337b6-e815b512-5649a985 {"name":"projects/organizador-de-campeonato/locations/us-central1/operations/operation-1775535532488-64ed714b337b6-e815b512-5649a985","metadata":{"@type":"type.googleapis.com/google.cloud.functions.v2.OperationMetadata","createTime":"2026-04-07T04:18:53.394669186Z","endTime":"2026-04-07T04:18:59.881833692Z","target":"projects/organizador-de-campeonato/locations/us-central1/functions/onMataMataUpdate","verb":"update","cancelRequested":false,"apiVersion":"v2","requestResource":{"@type":"type.googleapis.com/google.cloud.functions.v2.Function","name":"projects/organizador-de-campeonato/locations/us-central1/functions/onMataMataUpdate","buildConfig":{"runtime":"nodejs22","entryPoint":"onMataMataUpdate","source":{"storageSource":{"bucket":"gcf-v2-sources-574392149055-us-central1","object":"onMataMataUpdate/function-source.zip","generation":"1775535533340975"}},"environmentVariables":{"GOOGLE_NODE_RUN_SCRIPTS":""},"dockerRepository":"projects/organizador-de-campeonato/locations/us-central1/repositories/gcf-artifacts","sourceProvenance":{"resolvedStorageSource":{"bucket":"gcf-v2-sources-574392149055-us-central1","object":"onMataMataUpdate/function-source.zip","generation":"1775534575952056"}},"dockerRegistry":"ARTIFACT_REGISTRY","sourceToken":"Cldwcm9qZWN0cy81NzQzOTIxNDkwNTUvbG9jYXRpb25zL3VzLWNlbnRyYWwxL2J1aWxkcy9lMTgwNDY0Yi1lODQ5LTQ4MGYtYjhhZC0wZWIwNTk3NTFmYmEShgF1cy1jZW50cmFsMS1kb2NrZXIucGtnLmRldi9vcmdhbml6YWRvci1kZS1jYW1wZW9uYXRvL2djZi1hcnRpZmFjdHMvb3JnYW5pemFkb3ItLWRlLS1jYW1wZW9uYXRvX191cy0tY2VudHJhbDFfX29uX2pvZ29fdXBkYXRlOnZlcnNpb25fMRi/yMLj2xAiT3Byb2plY3RzL29yZ2FuaXphZG9yLWRlLWNhbXBlb25hdG8vbG9jYXRpb25zL3VzLWNlbnRyYWwxL2Z1bmN0aW9ucy9vbkpvZ29VcGRhdGUqDAiki9LOBhCwk+q0AjIIbm9kZWpzMjI6dgojZ2NyLmlvL2dhZS1ydW50aW1lcy9ub2RlanMyMjpzdGFibGUST3VzLWNlbnRyYWwxLWRvY2tlci5wa2cuZGV2L3NlcnZlcmxlc3MtcnVudGltZXMvZ29vZ2xlLTIyLWZ1bGwvcnVudGltZXMvbm9kZWpzMjJAAQ==","serviceAccount":"projects/organizador-de-campeonato/serviceAccounts/574392149055-compute@developer.gserviceaccount.com","automaticUpdatePolicy":{}},"serviceConfig":{"service":"projects/organizador-de-campeonato/locations/us-central1/services/onmatamataupdate","timeoutSeconds":60,"environmentVariables":{"FIREBASE_CONFIG":"{\"projectId\":\"organizador-de-campeonato\",\"storageBucket\":\"organizador-de-campeonato.firebasestorage.app\"}","GCLOUD_PROJECT":"organizador-de-campeonato","EVENTARC_CLOUD_EVENT_SOURCE":"projects/organizador-de-campeonato/locations/us-central1/services/onMataMataUpdate","FUNCTION_SIGNATURE_TYPE":"cloudevent","FUNCTION_TARGET":"onMataMataUpdate","LOG_EXECUTION_ID":"true"},"ingressSettings":"ALLOW_ALL","uri":"https://onmatamataupdate-3r6yq2xs2q-uc.a.run.app","serviceAccountEmail":"574392149055-compute@developer.gserviceaccount.com","availableMemory":"256Mi","allTrafficOnLatestRevision":true,"revision":"onmatamataupdate-00003-rij","maxInstanceRequestConcurrency":80,"availableCpu":"1"},"eventTrigger":{"trigger":"projects/organizador-de-campeonato/locations/nam5/triggers/onmatamataupdate-291532","triggerRegion":"nam5","eventType":"google.cloud.firestore.document.v1.updated","eventFilters":[{"attribute":"database","value":"(default)"},{"attribute":"namespace","value":"(default)"},{"attribute":"document","value":"mata_mata/{matchId}","operator":"match-path-pattern"}],"pubsubTopic":"projects/organizador-de-campeonato/topics/eventarc-nam5-onmatamataupdate-291532-198","serviceAccountEmail":"574392149055-compute@developer.gserviceaccount.com","retryPolicy":"RETRY_POLICY_DO_NOT_RETRY"},"state":"ACTIVE","labels":{"deployment-tool":"cli-firebase","firebase-functions-hash":"bbf6a6004650fba9e5d3ea07c0e0952cb85253f9"},"environment":"GEN_2","url":"https://us-central1-organizador-de-campeonato.cloudfunctions.net/onMataMataUpdate","satisfiesPzi":true},"stages":[{"name":"BUILD","message":"Reusing build","state":"COMPLETE","resource":"projects/574392149055/locations/us-central1/builds/e180464b-e849-480f-b8ad-0eb059751fba"},{"name":"SERVICE","message":"Updating Cloud Run service","state":"COMPLETE","resource":"projects/organizador-de-campeonato/locations/us-central1/services/onmatamataupdate","resourceUri":"https://console.cloud.google.com/run/detail/us-central1/onmatamataupdate?project=organizador-de-campeonato","stateMessages":[{"severity":"INFO","type":"CloudRunServiceNewRevisionTrafficInfo","message":"A new revision will be deployed serving with 100% traffic."}]},{"name":"TRIGGER","state":"NOT_STARTED"}],"sourceToken":"Cldwcm9qZWN0cy81NzQzOTIxNDkwNTUvbG9jYXRpb25zL3VzLWNlbnRyYWwxL2J1aWxkcy9lMTgwNDY0Yi1lODQ5LTQ4MGYtYjhhZC0wZWIwNTk3NTFmYmEShgF1cy1jZW50cmFsMS1kb2NrZXIucGtnLmRldi9vcmdhbml6YWRvci1kZS1jYW1wZW9uYXRvL2djZi1hcnRpZmFjdHMvb3JnYW5pemFkb3ItLWRlLS1jYW1wZW9uYXRvX191cy0tY2VudHJhbDFfX29uX2pvZ29fdXBkYXRlOnZlcnNpb25fMRi/yMLj2xAiT3Byb2plY3RzL29yZ2FuaXphZG9yLWRlLWNhbXBlb25hdG8vbG9jYXRpb25zL3VzLWNlbnRyYWwxL2Z1bmN0aW9ucy9vbkpvZ29VcGRhdGUqDAiki9LOBhCwk+q0AjIIbm9kZWpzMjI6dgojZ2NyLmlvL2dhZS1ydW50aW1lcy9ub2RlanMyMjpzdGFibGUST3VzLWNlbnRyYWwxLWRvY2tlci5wa2cuZGV2L3NlcnZlcmxlc3MtcnVudGltZXMvZ29vZ2xlLTIyLWZ1bGwvcnVudGltZXMvbm9kZWpzMjJAAQ==","operationType":"UPDATE_FUNCTION","buildName":"projects/574392149055/locations/us-central1/builds/e180464b-e849-480f-b8ad-0eb059751fba"},"done":true,"response":{"@type":"type.googleapis.com/google.cloud.functions.v2.Function","name":"projects/organizador-de-campeonato/locations/us-central1/functions/onMataMataUpdate","buildConfig":{"build":"projects/574392149055/locations/us-central1/builds/e180464b-e849-480f-b8ad-0eb059751fba","runtime":"nodejs22","entryPoint":"onMataMataUpdate","source":{"storageSource":{"bucket":"gcf-v2-sources-574392149055-us-central1","object":"onMataMataUpdate/function-source.zip","generation":"1775535533340975"}},"environmentVariables":{"GOOGLE_NODE_RUN_SCRIPTS":""},"dockerRepository":"projects/organizador-de-campeonato/locations/us-central1/repositories/gcf-artifacts","sourceProvenance":{"resolvedStorageSource":{"bucket":"gcf-v2-sources-574392149055-us-central1","object":"onMataMataUpdate/function-source.zip","generation":"1775535533340975"}},"dockerRegistry":"ARTIFACT_REGISTRY","serviceAccount":"projects/organizador-de-campeonato/serviceAccounts/574392149055-compute@developer.gserviceaccount.com","automaticUpdatePolicy":{}},"serviceConfig":{"service":"projects/organizador-de-campeonato/locations/us-central1/services/onmatamataupdate","timeoutSeconds":60,"environmentVariables":{"FIREBASE_CONFIG":"{\"projectId\":\"organizador-de-campeonato\",\"storageBucket\":\"organizador-de-campeonato.firebasestorage.app\"}","GCLOUD_PROJECT":"organizador-de-campeonato","EVENTARC_CLOUD_EVENT_SOURCE":"projects/organizador-de-campeonato/locations/us-central1/services/onMataMataUpdate","FUNCTION_SIGNATURE_TYPE":"cloudevent","FUNCTION_TARGET":"onMataMataUpdate","LOG_EXECUTION_ID":"true"},"maxInstanceCount":20,"ingressSettings":"ALLOW_ALL","uri":"https://onmatamataupdate-3r6yq2xs2q-uc.a.run.app","serviceAccountEmail":"574392149055-compute@developer.gserviceaccount.com","availableMemory":"256Mi","allTrafficOnLatestRevision":true,"revision":"onmatamataupdate-00004-yaf","maxInstanceRequestConcurrency":80,"availableCpu":"1"},"eventTrigger":{"trigger":"projects/organizador-de-campeonato/locations/nam5/triggers/onmatamataupdate-291532","triggerRegion":"nam5","eventType":"google.cloud.firestore.document.v1.updated","eventFilters":[{"attribute":"database","value":"(default)"},{"attribute":"namespace","value":"(default)"},{"attribute":"document","value":"mata_mata/{matchId}","operator":"match-path-pattern"}],"pubsubTopic":"projects/organizador-de-campeonato/topics/eventarc-nam5-onmatamataupdate-291532-198","serviceAccountEmail":"574392149055-compute@developer.gserviceaccount.com","retryPolicy":"RETRY_POLICY_DO_NOT_RETRY"},"state":"ACTIVE","updateTime":"2026-04-07T04:18:53.397022136Z","labels":{"deployment-tool":"cli-firebase","firebase-functions-hash":"bbf6a6004650fba9e5d3ea07c0e0952cb85253f9"},"environment":"GEN_2","url":"https://us-central1-organizador-de-campeonato.cloudfunctions.net/onMataMataUpdate","createTime":"2026-04-07T03:26:23.387619293Z","satisfiesPzi":true}}
[debug] [2026-04-07T04:19:00.780Z] Got source token Cldwcm9qZWN0cy81NzQzOTIxNDkwNTUvbG9jYXRpb25zL3VzLWNlbnRyYWwxL2J1aWxkcy9lMTgwNDY0Yi1lODQ5LTQ4MGYtYjhhZC0wZWIwNTk3NTFmYmEShgF1cy1jZW50cmFsMS1kb2NrZXIucGtnLmRldi9vcmdhbml6YWRvci1kZS1jYW1wZW9uYXRvL2djZi1hcnRpZmFjdHMvb3JnYW5pemFkb3ItLWRlLS1jYW1wZW9uYXRvX191cy0tY2VudHJhbDFfX29uX2pvZ29fdXBkYXRlOnZlcnNpb25fMRi/yMLj2xAiT3Byb2plY3RzL29yZ2FuaXphZG9yLWRlLWNhbXBlb25hdG8vbG9jYXRpb25zL3VzLWNlbnRyYWwxL2Z1bmN0aW9ucy9vbkpvZ29VcGRhdGUqDAiki9LOBhCwk+q0AjIIbm9kZWpzMjI6dgojZ2NyLmlvL2dhZS1ydW50aW1lcy9ub2RlanMyMjpzdGFibGUST3VzLWNlbnRyYWwxLWRvY2tlci5wa2cuZGV2L3NlcnZlcmxlc3MtcnVudGltZXMvZ29vZ2xlLTIyLWZ1bGwvcnVudGltZXMvbm9kZWpzMjJAAQ== for region us-central1
[info] ✔  functions[onMataMataUpdate(us-central1)] Successful update operation. 
[debug] [2026-04-07T04:19:01.655Z] [update-default-us-central1-onJogoUpdate] Retrying task index 0
[debug] [2026-04-07T04:19:01.655Z] Checked if tokens are valid: true, expires at: 1775537617593
[debug] [2026-04-07T04:19:01.655Z] Checked if tokens are valid: true, expires at: 1775537617593
[debug] [2026-04-07T04:19:01.655Z] >>> [apiv2][query] GET https://cloudfunctions.googleapis.com/v2/projects/organizador-de-campeonato/locations/us-central1/operations/operation-1775535486820-64ed711fa606c-d8dcd781-ba35ce7f [none]
[debug] [2026-04-07T04:19:02.743Z] <<< [apiv2][status] GET https://cloudfunctions.googleapis.com/v2/projects/organizador-de-campeonato/locations/us-central1/operations/operation-1775535486820-64ed711fa606c-d8dcd781-ba35ce7f 200
[debug] [2026-04-07T04:19:02.743Z] <<< [apiv2][body] GET https://cloudfunctions.googleapis.com/v2/projects/organizador-de-campeonato/locations/us-central1/operations/operation-1775535486820-64ed711fa606c-d8dcd781-ba35ce7f {"name":"projects/organizador-de-campeonato/locations/us-central1/operations/operation-1775535486820-64ed711fa606c-d8dcd781-ba35ce7f","metadata":{"@type":"type.googleapis.com/google.cloud.functions.v2.OperationMetadata","createTime":"2026-04-07T04:18:07.719939636Z","endTime":"2026-04-07T04:18:53.422877352Z","target":"projects/organizador-de-campeonato/locations/us-central1/functions/onJogoUpdate","verb":"update","cancelRequested":false,"apiVersion":"v2","requestResource":{"@type":"type.googleapis.com/google.cloud.functions.v2.Function","name":"projects/organizador-de-campeonato/locations/us-central1/functions/onJogoUpdate","buildConfig":{"runtime":"nodejs22","entryPoint":"onJogoUpdate","source":{"storageSource":{"bucket":"gcf-v2-sources-574392149055-us-central1","object":"onJogoUpdate/function-source.zip","generation":"1775535487661115"}},"environmentVariables":{"GOOGLE_NODE_RUN_SCRIPTS":""},"dockerRepository":"projects/organizador-de-campeonato/locations/us-central1/repositories/gcf-artifacts","sourceProvenance":{"resolvedStorageSource":{"bucket":"gcf-v2-sources-574392149055-us-central1","object":"onJogoUpdate/function-source.zip","generation":"1775534519556448"}},"dockerRegistry":"ARTIFACT_REGISTRY","serviceAccount":"projects/organizador-de-campeonato/serviceAccounts/574392149055-compute@developer.gserviceaccount.com","automaticUpdatePolicy":{}},"serviceConfig":{"service":"projects/organizador-de-campeonato/locations/us-central1/services/onjogoupdate","timeoutSeconds":60,"environmentVariables":{"FIREBASE_CONFIG":"{\"projectId\":\"organizador-de-campeonato\",\"storageBucket\":\"organizador-de-campeonato.firebasestorage.app\"}","GCLOUD_PROJECT":"organizador-de-campeonato","EVENTARC_CLOUD_EVENT_SOURCE":"projects/organizador-de-campeonato/locations/us-central1/services/onJogoUpdate","FUNCTION_SIGNATURE_TYPE":"cloudevent","FUNCTION_TARGET":"onJogoUpdate","LOG_EXECUTION_ID":"true"},"ingressSettings":"ALLOW_ALL","uri":"https://onjogoupdate-3r6yq2xs2q-uc.a.run.app","serviceAccountEmail":"574392149055-compute@developer.gserviceaccount.com","availableMemory":"256Mi","allTrafficOnLatestRevision":true,"revision":"onjogoupdate-00003-xoc","maxInstanceRequestConcurrency":80,"availableCpu":"1"},"eventTrigger":{"trigger":"projects/organizador-de-campeonato/locations/nam5/triggers/onjogoupdate-719401","triggerRegion":"nam5","eventType":"google.cloud.firestore.document.v1.updated","eventFilters":[{"attribute":"database","value":"(default)"},{"attribute":"namespace","value":"(default)"},{"attribute":"document","value":"jogos/{jogoId}","operator":"match-path-pattern"}],"pubsubTopic":"projects/organizador-de-campeonato/topics/eventarc-nam5-onjogoupdate-719401-870","serviceAccountEmail":"574392149055-compute@developer.gserviceaccount.com","retryPolicy":"RETRY_POLICY_DO_NOT_RETRY"},"state":"ACTIVE","labels":{"deployment-tool":"cli-firebase","firebase-functions-hash":"bbf6a6004650fba9e5d3ea07c0e0952cb85253f9"},"environment":"GEN_2","url":"https://us-central1-organizador-de-campeonato.cloudfunctions.net/onJogoUpdate","satisfiesPzi":true},"stages":[{"name":"BUILD","message":"Build finished","state":"COMPLETE","resource":"projects/574392149055/locations/us-central1/builds/e180464b-e849-480f-b8ad-0eb059751fba","resourceUri":"https://console.cloud.google.com/cloud-build/builds;region=us-central1/e180464b-e849-480f-b8ad-0eb059751fba?project=574392149055"},{"name":"SERVICE","message":"Updating Cloud Run service","state":"COMPLETE","resource":"projects/organizador-de-campeonato/locations/us-central1/services/onjogoupdate","resourceUri":"https://console.cloud.google.com/run/detail/us-central1/onjogoupdate?project=organizador-de-campeonato","stateMessages":[{"severity":"INFO","type":"CloudRunServiceNewRevisionTrafficInfo","message":"A new revision will be deployed serving with 100% traffic."}]},{"name":"TRIGGER","state":"NOT_STARTED"}],"sourceToken":"Cldwcm9qZWN0cy81NzQzOTIxNDkwNTUvbG9jYXRpb25zL3VzLWNlbnRyYWwxL2J1aWxkcy9lMTgwNDY0Yi1lODQ5LTQ4MGYtYjhhZC0wZWIwNTk3NTFmYmEShgF1cy1jZW50cmFsMS1kb2NrZXIucGtnLmRldi9vcmdhbml6YWRvci1kZS1jYW1wZW9uYXRvL2djZi1hcnRpZmFjdHMvb3JnYW5pemFkb3ItLWRlLS1jYW1wZW9uYXRvX191cy0tY2VudHJhbDFfX29uX2pvZ29fdXBkYXRlOnZlcnNpb25fMRi/yMLj2xAiT3Byb2plY3RzL29yZ2FuaXphZG9yLWRlLWNhbXBlb25hdG8vbG9jYXRpb25zL3VzLWNlbnRyYWwxL2Z1bmN0aW9ucy9vbkpvZ29VcGRhdGUqDAiki9LOBhCwk+q0AjIIbm9kZWpzMjI6dgojZ2NyLmlvL2dhZS1ydW50aW1lcy9ub2RlanMyMjpzdGFibGUST3VzLWNlbnRyYWwxLWRvY2tlci5wa2cuZGV2L3NlcnZlcmxlc3MtcnVudGltZXMvZ29vZ2xlLTIyLWZ1bGwvcnVudGltZXMvbm9kZWpzMjJAAQ==","operationType":"UPDATE_FUNCTION","buildName":"projects/574392149055/locations/us-central1/builds/e180464b-e849-480f-b8ad-0eb059751fba"},"done":true,"response":{"@type":"type.googleapis.com/google.cloud.functions.v2.Function","name":"projects/organizador-de-campeonato/locations/us-central1/functions/onJogoUpdate","buildConfig":{"build":"projects/574392149055/locations/us-central1/builds/e180464b-e849-480f-b8ad-0eb059751fba","runtime":"nodejs22","entryPoint":"onJogoUpdate","source":{"storageSource":{"bucket":"gcf-v2-sources-574392149055-us-central1","object":"onJogoUpdate/function-source.zip","generation":"1775535487661115"}},"environmentVariables":{"GOOGLE_NODE_RUN_SCRIPTS":""},"dockerRepository":"projects/organizador-de-campeonato/locations/us-central1/repositories/gcf-artifacts","sourceProvenance":{"resolvedStorageSource":{"bucket":"gcf-v2-sources-574392149055-us-central1","object":"onJogoUpdate/function-source.zip","generation":"1775535487661115"}},"dockerRegistry":"ARTIFACT_REGISTRY","serviceAccount":"projects/organizador-de-campeonato/serviceAccounts/574392149055-compute@developer.gserviceaccount.com","automaticUpdatePolicy":{}},"serviceConfig":{"service":"projects/organizador-de-campeonato/locations/us-central1/services/onjogoupdate","timeoutSeconds":60,"environmentVariables":{"FIREBASE_CONFIG":"{\"projectId\":\"organizador-de-campeonato\",\"storageBucket\":\"organizador-de-campeonato.firebasestorage.app\"}","GCLOUD_PROJECT":"organizador-de-campeonato","EVENTARC_CLOUD_EVENT_SOURCE":"projects/organizador-de-campeonato/locations/us-central1/services/onJogoUpdate","FUNCTION_SIGNATURE_TYPE":"cloudevent","FUNCTION_TARGET":"onJogoUpdate","LOG_EXECUTION_ID":"true"},"maxInstanceCount":20,"ingressSettings":"ALLOW_ALL","uri":"https://onjogoupdate-3r6yq2xs2q-uc.a.run.app","serviceAccountEmail":"574392149055-compute@developer.gserviceaccount.com","availableMemory":"256Mi","allTrafficOnLatestRevision":true,"revision":"onjogoupdate-00004-niv","maxInstanceRequestConcurrency":80,"availableCpu":"1"},"eventTrigger":{"trigger":"projects/organizador-de-campeonato/locations/nam5/triggers/onjogoupdate-719401","triggerRegion":"nam5","eventType":"google.cloud.firestore.document.v1.updated","eventFilters":[{"attribute":"database","value":"(default)"},{"attribute":"namespace","value":"(default)"},{"attribute":"document","value":"jogos/{jogoId}","operator":"match-path-pattern"}],"pubsubTopic":"projects/organizador-de-campeonato/topics/eventarc-nam5-onjogoupdate-719401-870","serviceAccountEmail":"574392149055-compute@developer.gserviceaccount.com","retryPolicy":"RETRY_POLICY_DO_NOT_RETRY"},"state":"ACTIVE","updateTime":"2026-04-07T04:18:07.721411916Z","labels":{"firebase-functions-hash":"bbf6a6004650fba9e5d3ea07c0e0952cb85253f9","deployment-tool":"cli-firebase"},"environment":"GEN_2","url":"https://us-central1-organizador-de-campeonato.cloudfunctions.net/onJogoUpdate","createTime":"2026-04-07T03:25:38.230830408Z","satisfiesPzi":true}}
[debug] [2026-04-07T04:19:02.743Z] Got source token Cldwcm9qZWN0cy81NzQzOTIxNDkwNTUvbG9jYXRpb25zL3VzLWNlbnRyYWwxL2J1aWxkcy9lMTgwNDY0Yi1lODQ5LTQ4MGYtYjhhZC0wZWIwNTk3NTFmYmEShgF1cy1jZW50cmFsMS1kb2NrZXIucGtnLmRldi9vcmdhbml6YWRvci1kZS1jYW1wZW9uYXRvL2djZi1hcnRpZmFjdHMvb3JnYW5pemFkb3ItLWRlLS1jYW1wZW9uYXRvX191cy0tY2VudHJhbDFfX29uX2pvZ29fdXBkYXRlOnZlcnNpb25fMRi/yMLj2xAiT3Byb2plY3RzL29yZ2FuaXphZG9yLWRlLWNhbXBlb25hdG8vbG9jYXRpb25zL3VzLWNlbnRyYWwxL2Z1bmN0aW9ucy9vbkpvZ29VcGRhdGUqDAiki9LOBhCwk+q0AjIIbm9kZWpzMjI6dgojZ2NyLmlvL2dhZS1ydW50aW1lcy9ub2RlanMyMjpzdGFibGUST3VzLWNlbnRyYWwxLWRvY2tlci5wa2cuZGV2L3NlcnZlcmxlc3MtcnVudGltZXMvZ29vZ2xlLTIyLWZ1bGwvcnVudGltZXMvbm9kZWpzMjJAAQ== for region us-central1
[info] ✔  functions[onJogoUpdate(us-central1)] Successful update operation. 
[debug] [2026-04-07T04:19:02.744Z] Total Function Deployment time: 56770
[debug] [2026-04-07T04:19:02.744Z] 2 Functions Deployed
[debug] [2026-04-07T04:19:02.744Z] 0 Functions Errored
[debug] [2026-04-07T04:19:02.744Z] 0 Function Deployments Aborted
[debug] [2026-04-07T04:19:02.744Z] Average Function Deployment time: 55787.5
[debug] [2026-04-07T04:19:02.744Z] Checked if tokens are valid: true, expires at: 1775537617593
[debug] [2026-04-07T04:19:02.744Z] Checked if tokens are valid: true, expires at: 1775537617593
[debug] [2026-04-07T04:19:02.745Z] >>> [apiv2][query] GET https://artifactregistry.googleapis.com/v1/projects/organizador-de-campeonato/locations/us-central1/repositories/gcf-artifacts [none]
[debug] [2026-04-07T04:19:03.890Z] <<< [apiv2][status] GET https://artifactregistry.googleapis.com/v1/projects/organizador-de-campeonato/locations/us-central1/repositories/gcf-artifacts 200
